idx,root_ar,root_translit,core_meaning,batch1,batch2,batch3
1,ك ت ب,k-t-b,"writing, recording","[{""word"": ""كتب"", ""voweled"": ""كَتَبَ"", ""en"": ""to write"", ""accept"": [""كَتَبَ"", ""كُتُب""]}, {""word"": ""كتاب"", ""voweled"": ""كِتَاب"", ""en"": ""book"", ""plural"": {""word"": ""كتب"", ""voweled"": ""كُتُب""}, ""accept"": [""كُتَّاب"", ""كِتَاب""]}, {""word"": ""كاتب"", ""voweled"": ""كَاتِب"", ""en"": ""writer"", ""plural"": {""word"": ""كتاب"", ""voweled"": ""كُتَّاب""}}, {""word"": ""مكتب"", ""voweled"": ""مَكْتَب"", ""en"": ""office"", ""plural"": {""word"": ""مكاتب"", ""voweled"": ""مَكَاتِب""}}, {""word"": ""مكتبة"", ""voweled"": ""مَكْتَبَة"", ""en"": ""library"", ""plural"": {""word"": ""مكتبات"", ""voweled"": ""مَكْتَبَات""}}]","[{""word"": ""مكتوب"", ""voweled"": ""مَكْتُوب"", ""en"": ""written; letter""}, {""word"": ""كتابة"", ""voweled"": ""كِتَابَة"", ""en"": ""writing""}, {""word"": ""كتيب"", ""voweled"": ""كُتَيِّب"", ""en"": ""booklet"", ""plural"": {""word"": ""كتيبات"", ""voweled"": ""كُتَيِّبَات""}}, {""word"": ""كتيبة"", ""voweled"": ""كَتِيبَة"", ""en"": ""battalion"", ""plural"": {""word"": ""كتائب"", ""voweled"": ""كَتَائِب""}}, {""word"": ""مكاتبة"", ""voweled"": ""مُكَاتَبَة"", ""en"": ""correspondence""}]","[{""word"": ""اكتتاب"", ""voweled"": ""اِكْتِتَاب"", ""en"": ""subscription; IPO""}, {""word"": ""كتابي"", ""voweled"": ""كِتَابِيّ"", ""en"": ""written (adj.)""}]"
2,ق و ل,q-w-l,"saying, speech","[{""word"": ""قال"", ""voweled"": ""قَالَ"", ""en"": ""to say""}, {""word"": ""قول"", ""voweled"": ""قَوْل"", ""en"": ""statement"", ""plural"": {""word"": ""أقوال"", ""voweled"": ""أَقْوَال""}}, {""word"": ""مقال"", ""voweled"": ""مَقَال"", ""en"": ""article"", ""plural"": {""word"": ""مقالات"", ""voweled"": ""مَقَالَات""}}, {""word"": ""مقولة"", ""voweled"": ""مَقُولَة"", ""en"": ""saying""}, {""word"": ""مقالة"", ""voweled"": ""مَقَالَة"", ""en"": ""essay""}]",[],[]
3,ف ع ل,f-ʿ-l,"doing, making","[{""word"": ""فعل"", ""voweled"": ""فَعَلَ"", ""en"": ""to do"", ""accept"": [""فَعَلَ"", ""فِعْل""]}, {""word"": ""فعل"", ""voweled"": ""فِعْل"", ""en"": ""verb; act"", ""plural"": {""word"": ""أفعال"", ""voweled"": ""أَفْعَال""}, ""accept"": [""فَعَلَ"", ""فِعْل""]}, {""word"": ""فاعل"", ""voweled"": ""فَاعِل"", ""en"": ""doer; subject""}, {""word"": ""مفعول"", ""voweled"": ""مَفْعُول"", ""en"": ""object""}, {""word"": ""تفاعل"", ""voweled"": ""تَفَاعُل"", ""en"": ""interaction""}]","[{""word"": ""فعال"", ""voweled"": ""فَعَّال"", ""en"": ""effective""}, {""word"": ""فعالية"", ""voweled"": ""فَعَّالِيَّة"", ""en"": ""effectiveness; event"", ""plural"": {""word"": ""فعاليات"", ""voweled"": ""فَعَّالِيَّات""}}, {""word"": ""فعلي"", ""voweled"": ""فِعْلِيّ"", ""en"": ""actual; real""}, {""word"": ""انفعال"", ""voweled"": ""اِنْفِعَال"", ""en"": ""agitation; emotion""}, {""word"": ""تفعيل"", ""voweled"": ""تَفْعِيل"", ""en"": ""activation""}]",[]
4,ع م ل,ʿ-m-l,"work, action","[{""word"": ""عمل"", ""voweled"": ""عَمِلَ"", ""en"": ""to work"", ""accept"": [""عَمَل"", ""عَمِلَ""]}, {""word"": ""عمل"", ""voweled"": ""عَمَل"", ""en"": ""work"", ""plural"": {""word"": ""أعمال"", ""voweled"": ""أَعْمَال""}, ""accept"": [""عَمَل"", ""عَمِلَ""]}, {""word"": ""عامل"", ""voweled"": ""عَامِل"", ""en"": ""worker"", ""plural"": {""word"": ""عمال"", ""voweled"": ""عُمَّال""}}, {""word"": ""معمل"", ""voweled"": ""مَعْمَل"", ""en"": ""laboratory"", ""plural"": {""word"": ""معامل"", ""voweled"": ""مَعَامِل""}}, {""word"": ""استعمال"", ""voweled"": ""اِسْتِعْمَال"", ""en"": ""use""}]","[{""word"": ""معاملة"", ""voweled"": ""مُعَامَلَة"", ""en"": ""treatment; transaction""}, {""word"": ""عملية"", ""voweled"": ""عَمَلِيَّة"", ""en"": ""operation; process"", ""plural"": {""word"": ""عمليات"", ""voweled"": ""عَمَلِيَّات""}}, {""word"": ""عميل"", ""voweled"": ""عَمِيل"", ""en"": ""client; agent"", ""plural"": {""word"": ""عملاء"", ""voweled"": ""عُمَلَاء""}}, {""word"": ""عملة"", ""voweled"": ""عُمْلَة"", ""en"": ""currency"", ""plural"": {""word"": ""عملات"", ""voweled"": ""عُمْلَات""}}, {""word"": ""تعامل"", ""voweled"": ""تَعَامُل"", ""en"": ""dealing; interaction""}]",[]
5,ع ل م,ʿ-l-m,"knowing, knowledge","[{""word"": ""علم"", ""voweled"": ""عِلْم"", ""en"": ""science; knowledge"", ""accept"": [""عَلَم"", ""عِلْم""]}, {""word"": ""عالم"", ""voweled"": ""عَالِم"", ""en"": ""scholar"", ""plural"": {""word"": ""علماء"", ""voweled"": ""عُلَمَاء""}, ""accept"": [""عَالَم"", ""عَالِم""]}, {""word"": ""عالم"", ""voweled"": ""عَالَم"", ""en"": ""world"", ""plural"": {""word"": ""عوالم"", ""voweled"": ""عَوَالِم""}, ""accept"": [""عَالَم"", ""عَالِم""]}, {""word"": ""معلم"", ""voweled"": ""مُعَلِّم"", ""en"": ""teacher"", ""plural"": {""word"": ""معلمون"", ""voweled"": ""مُعَلِّمُون""}}, {""word"": ""تعليم"", ""voweled"": ""تَعْلِيم"", ""en"": ""education""}]","[{""word"": ""معلومات"", ""voweled"": ""مَعْلُومَات"", ""en"": ""information""}, {""word"": ""علامة"", ""voweled"": ""عَلَامَة"", ""en"": ""sign; mark"", ""plural"": {""word"": ""علامات"", ""voweled"": ""عَلَامَات""}}, {""word"": ""علم"", ""voweled"": ""عَلَم"", ""en"": ""flag"", ""plural"": {""word"": ""أعلام"", ""voweled"": ""أَعْلَام""}, ""accept"": [""عَلَم"", ""عِلْم""]}, {""word"": ""إعلام"", ""voweled"": ""إِعْلَام"", ""en"": ""media""}, {""word"": ""تعلم"", ""voweled"": ""تَعَلُّم"", ""en"": ""learning""}]","[{""word"": ""عالمي"", ""voweled"": ""عَالَمِيّ"", ""en"": ""global""}, {""word"": ""متعلم"", ""voweled"": ""مُتَعَلِّم"", ""en"": ""educated""}]"
6,ك و ن,k-w-n,"being, existing","[{""word"": ""كان"", ""voweled"": ""كَانَ"", ""en"": ""to be""}, {""word"": ""مكان"", ""voweled"": ""مَكَان"", ""en"": ""place"", ""plural"": {""word"": ""أماكن"", ""voweled"": ""أَمَاكِن""}}, {""word"": ""كون"", ""voweled"": ""كَوْن"", ""en"": ""universe""}, {""word"": ""مكون"", ""voweled"": ""مُكَوِّن"", ""en"": ""component"", ""plural"": {""word"": ""مكونات"", ""voweled"": ""مُكَوِّنَات""}}, {""word"": ""تكوين"", ""voweled"": ""تَكْوِين"", ""en"": ""formation""}]","[{""word"": ""كيان"", ""voweled"": ""كِيَان"", ""en"": ""entity"", ""plural"": {""word"": ""كيانات"", ""voweled"": ""كِيَانَات""}}, {""word"": ""كائن"", ""voweled"": ""كَائِن"", ""en"": ""creature; being"", ""plural"": {""word"": ""كائنات"", ""voweled"": ""كَائِنَات""}}, {""word"": ""مكانة"", ""voweled"": ""مَكَانَة"", ""en"": ""status; standing""}]",[]
7,و ج د,w-j-d,"finding, existing","[{""word"": ""وجد"", ""voweled"": ""وَجَدَ"", ""en"": ""to find""}, {""word"": ""موجود"", ""voweled"": ""مَوْجُود"", ""en"": ""present; existing""}, {""word"": ""وجود"", ""voweled"": ""وُجُود"", ""en"": ""existence""}, {""word"": ""إيجاد"", ""voweled"": ""إِيجَاد"", ""en"": ""finding; creating""}, {""word"": ""وجدان"", ""voweled"": ""وِجْدَان"", ""en"": ""conscience; sentiment""}]","[{""word"": ""تواجد"", ""voweled"": ""تَوَاجُد"", ""en"": ""presence""}]",[]
8,ذ ه ب,dh-h-b,going,"[{""word"": ""ذهب"", ""voweled"": ""ذَهَبَ"", ""en"": ""to go"", ""accept"": [""ذَهَب"", ""ذَهَبَ""]}, {""word"": ""ذهاب"", ""voweled"": ""ذَهَاب"", ""en"": ""going""}, {""word"": ""ذهب"", ""voweled"": ""ذَهَب"", ""en"": ""gold"", ""accept"": [""ذَهَب"", ""ذَهَبَ""]}, {""word"": ""مذهب"", ""voweled"": ""مَذْهَب"", ""en"": ""doctrine; school of thought"", ""plural"": {""word"": ""مذاهب"", ""voweled"": ""مَذَاهِب""}}, {""word"": ""ذاهب"", ""voweled"": ""ذَاهِب"", ""en"": ""going (adj.)""}]","[{""word"": ""ذهبي"", ""voweled"": ""ذَهَبِيّ"", ""en"": ""golden""}]",[]
9,ر ج ع,r-j-ʿ,returning,"[{""word"": ""رجع"", ""voweled"": ""رَجَعَ"", ""en"": ""to return""}, {""word"": ""رجوع"", ""voweled"": ""رُجُوع"", ""en"": ""return""}, {""word"": ""مرجع"", ""voweled"": ""مَرْجِع"", ""en"": ""reference"", ""plural"": {""word"": ""مراجع"", ""voweled"": ""مَرَاجِع""}}, {""word"": ""مراجعة"", ""voweled"": ""مُرَاجَعَة"", ""en"": ""review"", ""plural"": {""word"": ""مراجعات"", ""voweled"": ""مُرَاجَعَات""}}, {""word"": ""إرجاع"", ""voweled"": ""إِرْجَاع"", ""en"": ""returning (something)""}]","[{""word"": ""مرجعية"", ""voweled"": ""مَرْجِعِيَّة"", ""en"": ""frame of reference; authority""}, {""word"": ""رجعي"", ""voweled"": ""رَجْعِيّ"", ""en"": ""reactionary""}]",[]
10,خ ر ج,kh-r-j,"exiting, going out","[{""word"": ""خرج"", ""voweled"": ""خَرَجَ"", ""en"": ""to go out""}, {""word"": ""خروج"", ""voweled"": ""خُرُوج"", ""en"": ""exit(ing)""}, {""word"": ""مخرج"", ""voweled"": ""مَخْرَج"", ""en"": ""exit; director"", ""plural"": {""word"": ""مخارج"", ""voweled"": ""مَخَارِج""}, ""accept"": [""مَخْرَج"", ""مُخْرِج""]}, {""word"": ""خارج"", ""voweled"": ""خَارِج"", ""en"": ""outside""}, {""word"": ""إخراج"", ""voweled"": ""إِخْرَاج"", ""en"": ""expulsion; (film) directing""}]","[{""word"": ""تخرج"", ""voweled"": ""تَخَرُّج"", ""en"": ""graduation""}, {""word"": ""مخرج"", ""voweled"": ""مُخْرِج"", ""en"": ""(film) director"", ""plural"": {""word"": ""مخرجون"", ""voweled"": ""مُخْرِجُون""}, ""accept"": [""مَخْرَج"", ""مُخْرِج""]}, {""word"": ""خارجي"", ""voweled"": ""خَارِجِيّ"", ""en"": ""external""}]",[]
11,د خ ل,d-kh-l,entering,"[{""word"": ""دخل"", ""voweled"": ""دَخَلَ"", ""en"": ""to enter"", ""accept"": [""دَخَلَ"", ""دَخْل""]}, {""word"": ""دخول"", ""voweled"": ""دُخُول"", ""en"": ""entry""}, {""word"": ""مدخل"", ""voweled"": ""مَدْخَل"", ""en"": ""entrance"", ""plural"": {""word"": ""مداخل"", ""voweled"": ""مَدَاخِل""}}, {""word"": ""دخل"", ""voweled"": ""دَخْل"", ""en"": ""income"", ""accept"": [""دَخَلَ"", ""دَخْل""]}, {""word"": ""تدخل"", ""voweled"": ""تَدَخُّل"", ""en"": ""intervention""}]","[{""word"": ""داخل"", ""voweled"": ""دَاخِل"", ""en"": ""inside""}, {""word"": ""داخلي"", ""voweled"": ""دَاخِلِيّ"", ""en"": ""internal""}, {""word"": ""دخيل"", ""voweled"": ""دَخِيل"", ""en"": ""intruder; foreign element""}]",[]
12,ن ظ ر,n-ẓ-r,"looking, seeing","[{""word"": ""نظر"", ""voweled"": ""نَظَرَ"", ""en"": ""to look"", ""accept"": [""نَظَر"", ""نَظَرَ""]}, {""word"": ""نظر"", ""voweled"": ""نَظَر"", ""en"": ""sight; view"", ""accept"": [""نَظَر"", ""نَظَرَ""]}, {""word"": ""منظر"", ""voweled"": ""مَنْظَر"", ""en"": ""scene; view"", ""plural"": {""word"": ""مناظر"", ""voweled"": ""مَنَاظِر""}}, {""word"": ""نظرية"", ""voweled"": ""نَظَرِيَّة"", ""en"": ""theory"", ""plural"": {""word"": ""نظريات"", ""voweled"": ""نَظَرِيَّات""}}, {""word"": ""انتظار"", ""voweled"": ""اِنْتِظَار"", ""en"": ""waiting""}]","[{""word"": ""نظارة"", ""voweled"": ""نَظَّارَة"", ""en"": ""eyeglasses"", ""plural"": {""word"": ""نظارات"", ""voweled"": ""نَظَّارَات""}}, {""word"": ""مناظرة"", ""voweled"": ""مُنَاظَرَة"", ""en"": ""debate"", ""plural"": {""word"": ""مناظرات"", ""voweled"": ""مُنَاظَرَات""}}, {""word"": ""ناظر"", ""voweled"": ""نَاظِر"", ""en"": ""supervisor; principal""}, {""word"": ""نظير"", ""voweled"": ""نَظِير"", ""en"": ""counterpart"", ""plural"": {""word"": ""نظراء"", ""voweled"": ""نُظَرَاء""}}, {""word"": ""منظار"", ""voweled"": ""مِنْظَار"", ""en"": ""telescope; binoculars"", ""plural"": {""word"": ""مناظير"", ""voweled"": ""مَنَاظِير""}}]","[{""word"": ""نظري"", ""voweled"": ""نَظَرِيّ"", ""en"": ""theoretical""}]"
13,س م ع,s-m-ʿ,hearing,"[{""word"": ""سمع"", ""voweled"": ""سَمِعَ"", ""en"": ""to hear"", ""accept"": [""سَمِعَ"", ""سَمْع""]}, {""word"": ""سمع"", ""voweled"": ""سَمْع"", ""en"": ""(sense of) hearing"", ""accept"": [""سَمِعَ"", ""سَمْع""]}, {""word"": ""سماعة"", ""voweled"": ""سَمَّاعَة"", ""en"": ""headphone; receiver"", ""plural"": {""word"": ""سماعات"", ""voweled"": ""سَمَّاعَات""}}, {""word"": ""مستمع"", ""voweled"": ""مُسْتَمِع"", ""en"": ""listener"", ""plural"": {""word"": ""مستمعون"", ""voweled"": ""مُسْتَمِعُون""}}, {""word"": ""استماع"", ""voweled"": ""اِسْتِمَاع"", ""en"": ""listening""}]","[{""word"": ""سمعة"", ""voweled"": ""سُمْعَة"", ""en"": ""reputation""}, {""word"": ""مسموع"", ""voweled"": ""مَسْمُوع"", ""en"": ""audible""}]",[]
14,ع ر ف,ʿ-r-f,"knowing, recognizing","[{""word"": ""عرف"", ""voweled"": ""عَرَفَ"", ""en"": ""to know"", ""accept"": [""عَرَفَ"", ""عُرْف""]}, {""word"": ""معرفة"", ""voweled"": ""مَعْرِفَة"", ""en"": ""knowledge""}, {""word"": ""تعريف"", ""voweled"": ""تَعْرِيف"", ""en"": ""definition"", ""plural"": {""word"": ""تعريفات"", ""voweled"": ""تَعْرِيفَات""}}, {""word"": ""معروف"", ""voweled"": ""مَعْرُوف"", ""en"": ""well-known""}, {""word"": ""اعتراف"", ""voweled"": ""اِعْتِرَاف"", ""en"": ""confession; recognition""}]","[{""word"": ""عرف"", ""voweled"": ""عُرْف"", ""en"": ""custom; convention"", ""accept"": [""عَرَفَ"", ""عُرْف""]}, {""word"": ""تعارف"", ""voweled"": ""تَعَارُف"", ""en"": ""getting acquainted""}]",[]
15,ف ه م,f-h-m,understanding,"[{""word"": ""فهم"", ""voweled"": ""فَهِمَ"", ""en"": ""to understand"", ""accept"": [""فَهِمَ"", ""فَهْم""]}, {""word"": ""فهم"", ""voweled"": ""فَهْم"", ""en"": ""understanding"", ""accept"": [""فَهِمَ"", ""فَهْم""]}, {""word"": ""مفهوم"", ""voweled"": ""مَفْهُوم"", ""en"": ""concept; understood""}, {""word"": ""تفاهم"", ""voweled"": ""تَفَاهُم"", ""en"": ""mutual understanding""}, {""word"": ""استفهام"", ""voweled"": ""اِسْتِفْهَام"", ""en"": ""inquiry; interrogation""}]",[],[]
16,ق ر أ,q-r-ʾ,reading,"[{""word"": ""قرأ"", ""voweled"": ""قَرَأَ"", ""en"": ""to read""}, {""word"": ""قراءة"", ""voweled"": ""قِرَاءَة"", ""en"": ""reading""}, {""word"": ""قارئ"", ""voweled"": ""قَارِئ"", ""en"": ""reader"", ""plural"": {""word"": ""قراء"", ""voweled"": ""قُرَّاء""}}, {""word"": ""مقروء"", ""voweled"": ""مَقْرُوء"", ""en"": ""legible""}, {""word"": ""قرآن"", ""voweled"": ""قُرْآن"", ""en"": ""Quran""}]",[],[]
17,د ر س,d-r-s,studying,"[{""word"": ""درس"", ""voweled"": ""دَرَسَ"", ""en"": ""to study"", ""accept"": [""دَرَسَ"", ""دَرْس""]}, {""word"": ""درس"", ""voweled"": ""دَرْس"", ""en"": ""lesson"", ""plural"": {""word"": ""دروس"", ""voweled"": ""دُرُوس""}, ""accept"": [""دَرَسَ"", ""دَرْس""]}, {""word"": ""مدرسة"", ""voweled"": ""مَدْرَسَة"", ""en"": ""school"", ""plural"": {""word"": ""مدارس"", ""voweled"": ""مَدَارِس""}}, {""word"": ""مدرس"", ""voweled"": ""مُدَرِّس"", ""en"": ""teacher"", ""plural"": {""word"": ""مدرسون"", ""voweled"": ""مُدَرِّسُون""}}, {""word"": ""دراسة"", ""voweled"": ""دِرَاسَة"", ""en"": ""study"", ""plural"": {""word"": ""دراسات"", ""voweled"": ""دِرَاسَات""}}]","[{""word"": ""مدروس"", ""voweled"": ""مَدْرُوس"", ""en"": ""well-considered""}, {""word"": ""تدريس"", ""voweled"": ""تَدْرِيس"", ""en"": ""teaching""}]",[]
18,س أ ل,s-ʾ-l,asking,"[{""word"": ""سأل"", ""voweled"": ""سَأَلَ"", ""en"": ""to ask""}, {""word"": ""سؤال"", ""voweled"": ""سُؤَال"", ""en"": ""question"", ""plural"": {""word"": ""أسئلة"", ""voweled"": ""أَسْئِلَة""}}, {""word"": ""مسؤول"", ""voweled"": ""مَسْؤُول"", ""en"": ""responsible; official"", ""plural"": {""word"": ""مسؤولون"", ""voweled"": ""مَسْؤُولُون""}}, {""word"": ""مسؤولية"", ""voweled"": ""مَسْؤُولِيَّة"", ""en"": ""responsibility"", ""plural"": {""word"": ""مسؤوليات"", ""voweled"": ""مَسْؤُولِيَّات""}}, {""word"": ""مسألة"", ""voweled"": ""مَسْأَلَة"", ""en"": ""issue; matter"", ""plural"": {""word"": ""مسائل"", ""voweled"": ""مَسَائِل""}}]","[{""word"": ""تساؤل"", ""voweled"": ""تَسَاؤُل"", ""en"": ""questioning; wondering"", ""plural"": {""word"": ""تساؤلات"", ""voweled"": ""تَسَاؤُلَات""}}, {""word"": ""مساءلة"", ""voweled"": ""مُسَاءَلَة"", ""en"": ""accountability""}]",[]
19,ج و ب,j-w-b,answering,"[{""word"": ""أجاب"", ""voweled"": ""أَجَابَ"", ""en"": ""to answer""}, {""word"": ""جواب"", ""voweled"": ""جَوَاب"", ""en"": ""answer"", ""plural"": {""word"": ""أجوبة"", ""voweled"": ""أَجْوِبَة""}}, {""word"": ""إجابة"", ""voweled"": ""إِجَابَة"", ""en"": ""answer; response"", ""plural"": {""word"": ""إجابات"", ""voweled"": ""إِجَابَات""}}, {""word"": ""استجابة"", ""voweled"": ""اِسْتِجَابَة"", ""en"": ""response""}, {""word"": ""مجيب"", ""voweled"": ""مُجِيب"", ""en"": ""respondent""}]","[{""word"": ""تجاوب"", ""voweled"": ""تَجَاوُب"", ""en"": ""responsiveness""}]",[]
20,ح ب ب,ḥ-b-b,loving,"[{""word"": ""حب"", ""voweled"": ""حُبّ"", ""en"": ""love""}, {""word"": ""أحب"", ""voweled"": ""أَحَبَّ"", ""en"": ""to love""}, {""word"": ""حبيب"", ""voweled"": ""حَبِيب"", ""en"": ""beloved""}, {""word"": ""محبوب"", ""voweled"": ""مَحْبُوب"", ""en"": ""beloved; popular""}, {""word"": ""محبة"", ""voweled"": ""مَحَبَّة"", ""en"": ""affection""}]","[{""word"": ""حبة"", ""voweled"": ""حَبَّة"", ""en"": ""grain; pill"", ""plural"": {""word"": ""حبوب"", ""voweled"": ""حُبُوب""}}, {""word"": ""محب"", ""voweled"": ""مُحِبّ"", ""en"": ""lover; fan"", ""plural"": {""word"": ""محبون"", ""voweled"": ""مُحِبُّون""}}]",[]
21,ر و د,r-w-d,"wanting, seeking","[{""word"": ""أراد"", ""voweled"": ""أَرَادَ"", ""en"": ""to want""}, {""word"": ""إرادة"", ""voweled"": ""إِرَادَة"", ""en"": ""will""}, {""word"": ""مراد"", ""voweled"": ""مُرَاد"", ""en"": ""desire; aim""}, {""word"": ""رائد"", ""voweled"": ""رَائِد"", ""en"": ""pioneer""}, {""word"": ""ريادة"", ""voweled"": ""رِيَادَة"", ""en"": ""leadership; pioneering""}]",[],[]
22,ق د ر,q-d-r,"ability, measure, fate","[{""word"": ""قدر"", ""voweled"": ""قَدَرَ"", ""en"": ""to be able"", ""accept"": [""قَدَر"", ""قَدَرَ""]}, {""word"": ""قدرة"", ""voweled"": ""قُدْرَة"", ""en"": ""ability"", ""plural"": {""word"": ""قدرات"", ""voweled"": ""قُدُرَات"", ""forms"": [""قُدُرَات"", ""قُدْرَات""]}}, {""word"": ""قدر"", ""voweled"": ""قَدَر"", ""en"": ""fate"", ""accept"": [""قَدَر"", ""قَدَرَ""]}, {""word"": ""مقدار"", ""voweled"": ""مِقْدَار"", ""en"": ""amount"", ""plural"": {""word"": ""مقادير"", ""voweled"": ""مَقَادِير""}}, {""word"": ""تقدير"", ""voweled"": ""تَقْدِير"", ""en"": ""estimation; appreciation""}]","[{""word"": ""قدير"", ""voweled"": ""قَدِير"", ""en"": ""capable""}, {""word"": ""مقدرة"", ""voweled"": ""مَقْدِرَة"", ""en"": ""capability"", ""accept"": [""مَقْدِرَة"", ""مَقْدُرَة"", ""مَقْدَرَة""]}]",[]
23,ح و ل,ḥ-w-l,"changing, around","[{""word"": ""حاول"", ""voweled"": ""حَاوَلَ"", ""en"": ""to try""}, {""word"": ""محاولة"", ""voweled"": ""مُحَاوَلَة"", ""en"": ""attempt"", ""plural"": {""word"": ""محاولات"", ""voweled"": ""مُحَاوَلَات""}}, {""word"": ""حال"", ""voweled"": ""حَال"", ""en"": ""condition"", ""plural"": {""word"": ""أحوال"", ""voweled"": ""أَحْوَال""}}, {""word"": ""حالة"", ""voweled"": ""حَالَة"", ""en"": ""state; case"", ""plural"": {""word"": ""حالات"", ""voweled"": ""حَالَات""}}, {""word"": ""تحويل"", ""voweled"": ""تَحْوِيل"", ""en"": ""transfer; conversion""}]","[{""word"": ""حوالي"", ""voweled"": ""حَوَالَيْ"", ""en"": ""around; approximately""}, {""word"": ""تحول"", ""voweled"": ""تَحَوُّل"", ""en"": ""transformation"", ""plural"": {""word"": ""تحولات"", ""voweled"": ""تَحَوُّلَات""}}, {""word"": ""محول"", ""voweled"": ""مُحَوِّل"", ""en"": ""adapter; transformer""}, {""word"": ""حيلة"", ""voweled"": ""حِيلَة"", ""en"": ""trick; ruse"", ""plural"": {""word"": ""حيل"", ""voweled"": ""حِيَل""}}]",[]
24,و ص ل,w-ṣ-l,"arriving, connecting","[{""word"": ""وصل"", ""voweled"": ""وَصَلَ"", ""en"": ""to arrive""}, {""word"": ""وصول"", ""voweled"": ""وُصُول"", ""en"": ""arrival""}, {""word"": ""اتصال"", ""voweled"": ""اِتِّصَال"", ""en"": ""contact; call""}, {""word"": ""مواصلات"", ""voweled"": ""مُوَاصَلَات"", ""en"": ""transportation""}, {""word"": ""تواصل"", ""voweled"": ""تَوَاصُل"", ""en"": ""communication""}]","[{""word"": ""وصلة"", ""voweled"": ""وَصْلَة"", ""en"": ""link; connection"", ""plural"": {""word"": ""وصلات"", ""voweled"": ""وَصَلَات""}}, {""word"": ""إيصال"", ""voweled"": ""إِيصَال"", ""en"": ""receipt"", ""plural"": {""word"": ""إيصالات"", ""voweled"": ""إِيصَالَات""}}, {""word"": ""توصيل"", ""voweled"": ""تَوْصِيل"", ""en"": ""delivery""}, {""word"": ""صلة"", ""voweled"": ""صِلَة"", ""en"": ""connection; tie"", ""plural"": {""word"": ""صلات"", ""voweled"": ""صِلَات""}}]",[]
25,ط ل ب,ṭ-l-b,"seeking, requesting","[{""word"": ""طلب"", ""voweled"": ""طَلَبَ"", ""en"": ""to request"", ""accept"": [""طَلَب"", ""طَلَبَ""]}, {""word"": ""طلب"", ""voweled"": ""طَلَب"", ""en"": ""request; order"", ""plural"": {""word"": ""طلبات"", ""voweled"": ""طَلَبَات""}, ""accept"": [""طَلَب"", ""طَلَبَ""]}, {""word"": ""طالب"", ""voweled"": ""طَالِب"", ""en"": ""student"", ""plural"": {""word"": ""طلاب"", ""voweled"": ""طُلَّاب""}}, {""word"": ""مطلوب"", ""voweled"": ""مَطْلُوب"", ""en"": ""required; wanted""}, {""word"": ""متطلبات"", ""voweled"": ""مُتَطَلَّبَات"", ""en"": ""requirements""}]","[{""word"": ""مطلب"", ""voweled"": ""مَطْلَب"", ""en"": ""demand"", ""plural"": {""word"": ""مطالب"", ""voweled"": ""مَطَالِب""}}]",[]
26,ك ث ر,k-th-r,being many,"[{""word"": ""كثير"", ""voweled"": ""كَثِير"", ""en"": ""many; much""}, {""word"": ""كثرة"", ""voweled"": ""كَثْرَة"", ""en"": ""abundance""}, {""word"": ""أكثر"", ""voweled"": ""أَكْثَر"", ""en"": ""more; most""}, {""word"": ""أكثرية"", ""voweled"": ""أَكْثَرِيَّة"", ""en"": ""majority""}, {""word"": ""تكاثر"", ""voweled"": ""تَكَاثُر"", ""en"": ""proliferation""}]","[{""word"": ""مكثف"", ""voweled"": ""مُكَثَّف"", ""en"": ""intensive; condensed""}]",[]
27,ق ل ل,q-l-l,being few,"[{""word"": ""قليل"", ""voweled"": ""قَلِيل"", ""en"": ""few; little""}, {""word"": ""قلة"", ""voweled"": ""قِلَّة"", ""en"": ""scarcity""}, {""word"": ""أقل"", ""voweled"": ""أَقَلّ"", ""en"": ""less; least""}, {""word"": ""أقلية"", ""voweled"": ""أَقَلِّيَّة"", ""en"": ""minority""}, {""word"": ""تقليل"", ""voweled"": ""تَقْلِيل"", ""en"": ""reduction""}]","[{""word"": ""استقلال"", ""voweled"": ""اِسْتِقْلَال"", ""en"": ""independence""}, {""word"": ""مستقل"", ""voweled"": ""مُسْتَقِلّ"", ""en"": ""independent""}]",[]
28,ك ب ر,k-b-r,being big,"[{""word"": ""كبير"", ""voweled"": ""كَبِير"", ""en"": ""big""}, {""word"": ""كبر"", ""voweled"": ""كِبَر"", ""en"": ""old age; bigness""}, {""word"": ""أكبر"", ""voweled"": ""أَكْبَر"", ""en"": ""bigger; biggest""}, {""word"": ""تكبير"", ""voweled"": ""تَكْبِير"", ""en"": ""enlargement""}, {""word"": ""كبرياء"", ""voweled"": ""كِبْرِيَاء"", ""en"": ""pride""}]","[{""word"": ""تكبر"", ""voweled"": ""تَكَبُّر"", ""en"": ""arrogance""}]",[]
29,ص غ ر,ṣ-gh-r,being small,"[{""word"": ""صغير"", ""voweled"": ""صَغِير"", ""en"": ""small"", ""plural"": {""word"": ""صغار"", ""voweled"": ""صِغَار""}}, {""word"": ""صغر"", ""voweled"": ""صِغَر"", ""en"": ""smallness; childhood""}, {""word"": ""أصغر"", ""voweled"": ""أَصْغَر"", ""en"": ""smaller; smallest""}, {""word"": ""تصغير"", ""voweled"": ""تَصْغِير"", ""en"": ""diminution""}, {""word"": ""مصغر"", ""voweled"": ""مُصَغَّر"", ""en"": ""miniature""}]",[],[]
30,ط و ل,ṭ-w-l,being long,"[{""word"": ""طويل"", ""voweled"": ""طَوِيل"", ""en"": ""long; tall""}, {""word"": ""طول"", ""voweled"": ""طُول"", ""en"": ""length""}, {""word"": ""أطول"", ""voweled"": ""أَطْوَل"", ""en"": ""longer; longest""}, {""word"": ""تطويل"", ""voweled"": ""تَطْوِيل"", ""en"": ""lengthening""}, {""word"": ""طوال"", ""voweled"": ""طَوَال"", ""en"": ""throughout""}]","[{""word"": ""مستطيل"", ""voweled"": ""مُسْتَطِيل"", ""en"": ""rectangle""}]",[]
31,ح س ن,ḥ-s-n,"being good, beautiful","[{""word"": ""حسن"", ""voweled"": ""حَسَن"", ""en"": ""good"", ""accept"": [""حَسَن"", ""حُسْن""]}, {""word"": ""أحسن"", ""voweled"": ""أَحْسَن"", ""en"": ""better; best""}, {""word"": ""إحسان"", ""voweled"": ""إِحْسَان"", ""en"": ""charity; excellence""}, {""word"": ""تحسين"", ""voweled"": ""تَحْسِين"", ""en"": ""improvement""}, {""word"": ""حسنة"", ""voweled"": ""حَسَنَة"", ""en"": ""good deed""}]","[{""word"": ""حسن"", ""voweled"": ""حُسْن"", ""en"": ""goodness; beauty"", ""accept"": [""حَسَن"", ""حُسْن""]}, {""word"": ""تحسن"", ""voweled"": ""تَحَسُّن"", ""en"": ""improvement (getting better)""}, {""word"": ""محسن"", ""voweled"": ""مُحْسِن"", ""en"": ""benefactor""}]",[]
32,ج م ل,j-m-l,"beauty, totality","[{""word"": ""جميل"", ""voweled"": ""جَمِيل"", ""en"": ""beautiful""}, {""word"": ""جمال"", ""voweled"": ""جَمَال"", ""en"": ""beauty"", ""accept"": [""جَمَال"", ""جِمَال""]}, {""word"": ""جملة"", ""voweled"": ""جُمْلَة"", ""en"": ""sentence; total""}, {""word"": ""إجمالي"", ""voweled"": ""إِجْمَالِيّ"", ""en"": ""total; gross""}, {""word"": ""مجاملة"", ""voweled"": ""مُجَامَلَة"", ""en"": ""courtesy; compliment""}]","[{""word"": ""جمل"", ""voweled"": ""جَمَل"", ""en"": ""camel"", ""plural"": {""word"": ""جمال"", ""voweled"": ""جِمَال""}}, {""word"": ""تجميل"", ""voweled"": ""تَجْمِيل"", ""en"": ""beautification; cosmetics""}, {""word"": ""مجمل"", ""voweled"": ""مُجْمَل"", ""en"": ""overall; sum""}]",[]
33,و ل د,w-l-d,giving birth,"[{""word"": ""ولد"", ""voweled"": ""وَلَد"", ""en"": ""boy; child"", ""plural"": {""word"": ""أولاد"", ""voweled"": ""أَوْلَاد""}}, {""word"": ""والد"", ""voweled"": ""وَالِد"", ""en"": ""father""}, {""word"": ""والدة"", ""voweled"": ""وَالِدَة"", ""en"": ""mother""}, {""word"": ""ميلاد"", ""voweled"": ""مِيلَاد"", ""en"": ""birth""}, {""word"": ""مولود"", ""voweled"": ""مَوْلُود"", ""en"": ""newborn""}]","[{""word"": ""توليد"", ""voweled"": ""تَوْلِيد"", ""en"": ""generation (of power etc.)""}, {""word"": ""ولادة"", ""voweled"": ""وِلَادَة"", ""en"": ""childbirth""}, {""word"": ""مولد"", ""voweled"": ""مُوَلِّد"", ""en"": ""generator""}]",[]
34,ر ج ل,r-j-l,"man, foot","[{""word"": ""رجل"", ""voweled"": ""رَجُل"", ""en"": ""man"", ""plural"": {""word"": ""رجال"", ""voweled"": ""رِجَال""}, ""accept"": [""رَجُل"", ""رِجْل""]}, {""word"": ""رجل"", ""voweled"": ""رِجْل"", ""en"": ""leg; foot"", ""accept"": [""رَجُل"", ""رِجْل""]}, {""word"": ""رجولة"", ""voweled"": ""رُجُولَة"", ""en"": ""manhood""}, {""word"": ""ارتجال"", ""voweled"": ""اِرْتِجَال"", ""en"": ""improvisation""}, {""word"": ""رجالي"", ""voweled"": ""رِجَالِيّ"", ""en"": ""men's (clothing etc.)""}]",[],[]
35,ب ي ت,b-y-t,"house, dwelling","[{""word"": ""بيت"", ""voweled"": ""بَيْت"", ""en"": ""house"", ""plural"": {""word"": ""بيوت"", ""voweled"": ""بُيُوت""}}, {""word"": ""بات"", ""voweled"": ""بَاتَ"", ""en"": ""to spend the night""}, {""word"": ""مبيت"", ""voweled"": ""مَبِيت"", ""en"": ""overnight stay""}, {""word"": ""بيتي"", ""voweled"": ""بَيْتِيّ"", ""en"": ""homemade""}]",[],[]
36,م د ن,m-d-n,"city, civilization","[{""word"": ""مدينة"", ""voweled"": ""مَدِينَة"", ""en"": ""city"", ""plural"": {""word"": ""مدن"", ""voweled"": ""مُدُن""}}, {""word"": ""مدني"", ""voweled"": ""مَدَنِيّ"", ""en"": ""civil; civilian""}, {""word"": ""تمدن"", ""voweled"": ""تَمَدُّن"", ""en"": ""urbanization""}, {""word"": ""مدنية"", ""voweled"": ""مَدَنِيَّة"", ""en"": ""civility; civilization""}]",[],[]
37,ب ل د,b-l-d,"country, town","[{""word"": ""بلد"", ""voweled"": ""بَلَد"", ""en"": ""country"", ""plural"": {""word"": ""بلاد"", ""voweled"": ""بِلَاد""}}, {""word"": ""بلدة"", ""voweled"": ""بَلْدَة"", ""en"": ""town"", ""plural"": {""word"": ""بلدات"", ""voweled"": ""بَلْدَات""}}, {""word"": ""بلدية"", ""voweled"": ""بَلَدِيَّة"", ""en"": ""municipality""}, {""word"": ""بلدي"", ""voweled"": ""بَلَدِيّ"", ""en"": ""local""}]",[],[]
38,ح ك م,ḥ-k-m,"ruling, judging","[{""word"": ""حكم"", ""voweled"": ""حَكَمَ"", ""en"": ""to rule; to judge"", ""accept"": [""حَكَم"", ""حَكَمَ"", ""حُكْم""]}, {""word"": ""حكم"", ""voweled"": ""حُكْم"", ""en"": ""ruling; verdict"", ""accept"": [""حَكَم"", ""حَكَمَ"", ""حُكْم""]}, {""word"": ""حكومة"", ""voweled"": ""حُكُومَة"", ""en"": ""government"", ""plural"": {""word"": ""حكومات"", ""voweled"": ""حُكُومَات""}}, {""word"": ""محكمة"", ""voweled"": ""مَحْكَمَة"", ""en"": ""court"", ""plural"": {""word"": ""محاكم"", ""voweled"": ""مَحَاكِم""}}, {""word"": ""حاكم"", ""voweled"": ""حَاكِم"", ""en"": ""ruler; governor"", ""plural"": {""word"": ""حكام"", ""voweled"": ""حُكَّام""}}]","[{""word"": ""حكمة"", ""voweled"": ""حِكْمَة"", ""en"": ""wisdom""}, {""word"": ""حكيم"", ""voweled"": ""حَكِيم"", ""en"": ""wise"", ""plural"": {""word"": ""حكماء"", ""voweled"": ""حُكَمَاء""}}, {""word"": ""تحكيم"", ""voweled"": ""تَحْكِيم"", ""en"": ""arbitration""}, {""word"": ""حكم"", ""voweled"": ""حَكَم"", ""en"": ""referee"", ""accept"": [""حَكَم"", ""حَكَمَ"", ""حُكْم""]}, {""word"": ""محكوم"", ""voweled"": ""مَحْكُوم"", ""en"": ""convicted; sentenced""}]",[]
39,م ل ك,m-l-k,"owning, ruling","[{""word"": ""ملك"", ""voweled"": ""مَلِك"", ""en"": ""king"", ""plural"": {""word"": ""ملوك"", ""voweled"": ""مُلُوك""}, ""accept"": [""مَلِك"", ""مِلْك""]}, {""word"": ""ملكة"", ""voweled"": ""مَلِكَة"", ""en"": ""queen"", ""plural"": {""word"": ""ملكات"", ""voweled"": ""مَلِكَات""}}, {""word"": ""ملك"", ""voweled"": ""مِلْك"", ""en"": ""property"", ""accept"": [""مَلِك"", ""مِلْك""]}, {""word"": ""مملكة"", ""voweled"": ""مَمْلَكَة"", ""en"": ""kingdom"", ""plural"": {""word"": ""ممالك"", ""voweled"": ""مَمَالِك""}}, {""word"": ""مالك"", ""voweled"": ""مَالِك"", ""en"": ""owner""}]","[{""word"": ""ملكية"", ""voweled"": ""مِلْكِيَّة"", ""en"": ""ownership""}, {""word"": ""ملاك"", ""voweled"": ""مَلَاك"", ""en"": ""angel"", ""plural"": {""word"": ""ملائكة"", ""voweled"": ""مَلَائِكَة""}}, {""word"": ""ملكي"", ""voweled"": ""مَلَكِيّ"", ""en"": ""royal""}, {""word"": ""امتلاك"", ""voweled"": ""اِمْتِلَاك"", ""en"": ""possession; owning""}]",[]
40,د و ل,d-w-l,"state, rotation","[{""word"": ""دولة"", ""voweled"": ""دَوْلَة"", ""en"": ""state; country"", ""plural"": {""word"": ""دول"", ""voweled"": ""دُوَل""}}, {""word"": ""دولي"", ""voweled"": ""دَوْلِيّ"", ""en"": ""international""}, {""word"": ""تداول"", ""voweled"": ""تَدَاوُل"", ""en"": ""circulation; trading""}, {""word"": ""مداولة"", ""voweled"": ""مُدَاوَلَة"", ""en"": ""deliberation""}]",[],[]
41,ش ع ب,sh-ʿ-b,"people, branching","[{""word"": ""شعب"", ""voweled"": ""شَعْب"", ""en"": ""people; nation"", ""plural"": {""word"": ""شعوب"", ""voweled"": ""شُعُوب""}}, {""word"": ""شعبي"", ""voweled"": ""شَعْبِيّ"", ""en"": ""popular; folk""}, {""word"": ""شعبية"", ""voweled"": ""شَعْبِيَّة"", ""en"": ""popularity""}, {""word"": ""شعبة"", ""voweled"": ""شُعْبَة"", ""en"": ""branch; division""}, {""word"": ""تشعب"", ""voweled"": ""تَشَعُّب"", ""en"": ""ramification; branching""}]",[],[]
42,ح ر ب,ḥ-r-b,war,"[{""word"": ""حرب"", ""voweled"": ""حَرْب"", ""en"": ""war"", ""plural"": {""word"": ""حروب"", ""voweled"": ""حُرُوب""}}, {""word"": ""محارب"", ""voweled"": ""مُحَارِب"", ""en"": ""warrior; combatant"", ""plural"": {""word"": ""محاربون"", ""voweled"": ""مُحَارِبُون""}}, {""word"": ""حربي"", ""voweled"": ""حَرْبِيّ"", ""en"": ""military; martial""}, {""word"": ""محراب"", ""voweled"": ""مِحْرَاب"", ""en"": ""prayer niche""}, {""word"": ""حربة"", ""voweled"": ""حَرْبَة"", ""en"": ""spear; bayonet""}]",[],[]
43,س ل م,s-l-m,"peace, safety","[{""word"": ""سلام"", ""voweled"": ""سَلَام"", ""en"": ""peace""}, {""word"": ""سلامة"", ""voweled"": ""سَلَامَة"", ""en"": ""safety""}, {""word"": ""إسلام"", ""voweled"": ""إِسْلَام"", ""en"": ""Islam""}, {""word"": ""مسلم"", ""voweled"": ""مُسْلِم"", ""en"": ""Muslim"", ""plural"": {""word"": ""مسلمون"", ""voweled"": ""مُسْلِمُون""}}, {""word"": ""تسليم"", ""voweled"": ""تَسْلِيم"", ""en"": ""delivery; surrender""}]","[{""word"": ""استسلام"", ""voweled"": ""اِسْتِسْلَام"", ""en"": ""surrender""}, {""word"": ""سليم"", ""voweled"": ""سَلِيم"", ""en"": ""sound; intact""}, {""word"": ""سلم"", ""voweled"": ""سُلَّم"", ""en"": ""ladder; scale"", ""plural"": {""word"": ""سلالم"", ""voweled"": ""سَلَالِم""}, ""accept"": [""سُلَّم"", ""سِلْم""]}, {""word"": ""سلم"", ""voweled"": ""سِلْم"", ""en"": ""peace(time)"", ""accept"": [""سُلَّم"", ""سِلْم""]}, {""word"": ""مسالم"", ""voweled"": ""مُسَالِم"", ""en"": ""peaceable""}]",[]
44,د ي ن,d-y-n,"religion, debt","[{""word"": ""دين"", ""voweled"": ""دِين"", ""en"": ""religion"", ""accept"": [""دَيْن"", ""دِين""]}, {""word"": ""دين"", ""voweled"": ""دَيْن"", ""en"": ""debt"", ""accept"": [""دَيْن"", ""دِين""]}, {""word"": ""ديني"", ""voweled"": ""دِينِيّ"", ""en"": ""religious""}, {""word"": ""متدين"", ""voweled"": ""مُتَدَيِّن"", ""en"": ""devout""}, {""word"": ""مدين"", ""voweled"": ""مَدِين"", ""en"": ""indebted""}]","[{""word"": ""تدين"", ""voweled"": ""تَدَيُّن"", ""en"": ""religiosity""}]",[]
45,أ م ن,ʾ-m-n,"safety, belief","[{""word"": ""أمن"", ""voweled"": ""أَمْن"", ""en"": ""security""}, {""word"": ""أمان"", ""voweled"": ""أَمَان"", ""en"": ""safety""}, {""word"": ""إيمان"", ""voweled"": ""إِيمَان"", ""en"": ""faith""}, {""word"": ""مؤمن"", ""voweled"": ""مُؤْمِن"", ""en"": ""believer"", ""plural"": {""word"": ""مؤمنون"", ""voweled"": ""مُؤْمِنُون""}}, {""word"": ""تأمين"", ""voweled"": ""تَأْمِين"", ""en"": ""insurance""}]","[{""word"": ""أمين"", ""voweled"": ""أَمِين"", ""en"": ""trustworthy; secretary""}, {""word"": ""أمانة"", ""voweled"": ""أَمَانَة"", ""en"": ""honesty; deposit"", ""plural"": {""word"": ""أمانات"", ""voweled"": ""أَمَانَات""}}, {""word"": ""ائتمان"", ""voweled"": ""اِئْتِمَان"", ""en"": ""credit""}]",[]
46,ن ف س,n-f-s,"soul, self, breath","[{""word"": ""نفس"", ""voweled"": ""نَفْس"", ""en"": ""self; soul"", ""accept"": [""نَفَس"", ""نَفْس""]}, {""word"": ""تنفس"", ""voweled"": ""تَنَفُّس"", ""en"": ""breathing""}, {""word"": ""نفسي"", ""voweled"": ""نَفْسِيّ"", ""en"": ""psychological""}, {""word"": ""منافسة"", ""voweled"": ""مُنَافَسَة"", ""en"": ""competition""}, {""word"": ""نفيس"", ""voweled"": ""نَفِيس"", ""en"": ""precious""}]","[{""word"": ""نفس"", ""voweled"": ""نَفَس"", ""en"": ""breath"", ""plural"": {""word"": ""أنفاس"", ""voweled"": ""أَنْفَاس""}, ""accept"": [""نَفَس"", ""نَفْس""]}, {""word"": ""منافس"", ""voweled"": ""مُنَافِس"", ""en"": ""competitor"", ""plural"": {""word"": ""منافسون"", ""voweled"": ""مُنَافِسُون""}}, {""word"": ""تنافس"", ""voweled"": ""تَنَافُس"", ""en"": ""rivalry""}]",[]
47,ق ل ب,q-l-b,"heart, turning","[{""word"": ""قلب"", ""voweled"": ""قَلْب"", ""en"": ""heart"", ""plural"": {""word"": ""قلوب"", ""voweled"": ""قُلُوب""}}, {""word"": ""انقلاب"", ""voweled"": ""اِنْقِلَاب"", ""en"": ""coup; overturn""}, {""word"": ""تقلب"", ""voweled"": ""تَقَلُّب"", ""en"": ""fluctuation""}, {""word"": ""قالب"", ""voweled"": ""قَالَب"", ""en"": ""mold; template""}, {""word"": ""مقلوب"", ""voweled"": ""مَقْلُوب"", ""en"": ""upside-down; inverted""}]","[{""word"": ""قلبي"", ""voweled"": ""قَلْبِيّ"", ""en"": ""cardiac; heartfelt""}]",[]
48,ر أ س,r-ʾ-s,head,"[{""word"": ""رأس"", ""voweled"": ""رَأْس"", ""en"": ""head"", ""plural"": {""word"": ""رؤوس"", ""voweled"": ""رُؤُوس""}}, {""word"": ""رئيس"", ""voweled"": ""رَئِيس"", ""en"": ""president; chief"", ""plural"": {""word"": ""رؤساء"", ""voweled"": ""رُؤَسَاء""}}, {""word"": ""رئيسي"", ""voweled"": ""رَئِيسِيّ"", ""en"": ""main""}, {""word"": ""رئاسة"", ""voweled"": ""رِئَاسَة"", ""en"": ""presidency""}, {""word"": ""رأسمال"", ""voweled"": ""رَأْسمَال"", ""en"": ""capital (money)""}]","[{""word"": ""رأسي"", ""voweled"": ""رَأْسِيّ"", ""en"": ""vertical""}]",[]
49,ي د ي,y-d-y,hand,"[{""word"": ""يد"", ""voweled"": ""يَد"", ""en"": ""hand"", ""plural"": {""word"": ""أيدي"", ""voweled"": ""أَيْدِي""}}, {""word"": ""يدوي"", ""voweled"": ""يَدَوِيّ"", ""en"": ""manual; handmade""}]",[],[]
50,و ج ه,w-j-h,"face, direction","[{""word"": ""وجه"", ""voweled"": ""وَجْه"", ""en"": ""face"", ""plural"": {""word"": ""وجوه"", ""voweled"": ""وُجُوه""}}, {""word"": ""اتجاه"", ""voweled"": ""اِتِّجَاه"", ""en"": ""direction""}, {""word"": ""مواجهة"", ""voweled"": ""مُوَاجَهَة"", ""en"": ""confrontation""}, {""word"": ""توجيه"", ""voweled"": ""تَوْجِيه"", ""en"": ""guidance""}, {""word"": ""وجهة"", ""voweled"": ""وِجْهَة"", ""en"": ""destination; viewpoint"", ""plural"": {""word"": ""وجهات"", ""voweled"": ""وِجْهَات""}}]","[{""word"": ""واجهة"", ""voweled"": ""وَاجِهَة"", ""en"": ""facade; interface"", ""plural"": {""word"": ""واجهات"", ""voweled"": ""وَاجِهَات""}}, {""word"": ""وجيه"", ""voweled"": ""وَجِيه"", ""en"": ""notable; plausible""}, {""word"": ""توجه"", ""voweled"": ""تَوَجُّه"", ""en"": ""orientation; trend"", ""plural"": {""word"": ""توجهات"", ""voweled"": ""تَوَجُّهَات""}}]",[]
51,ع ي ن,ʿ-y-n,"eye, spring, appointing","[{""word"": ""عين"", ""voweled"": ""عَيْن"", ""en"": ""eye; spring"", ""plural"": {""word"": ""عيون"", ""voweled"": ""عُيُون""}}, {""word"": ""تعيين"", ""voweled"": ""تَعْيِين"", ""en"": ""appointment""}, {""word"": ""معين"", ""voweled"": ""مُعَيَّن"", ""en"": ""specific; designated""}, {""word"": ""عينة"", ""voweled"": ""عَيِّنَة"", ""en"": ""sample"", ""plural"": {""word"": ""عينات"", ""voweled"": ""عَيِّنَات""}}, {""word"": ""عيان"", ""voweled"": ""عِيَان"", ""en"": ""eyewitnessing""}]","[{""word"": ""معاينة"", ""voweled"": ""مُعَايَنَة"", ""en"": ""inspection; viewing""}]",[]
52,ن و ر,n-w-r,light,"[{""word"": ""نور"", ""voweled"": ""نُور"", ""en"": ""light"", ""plural"": {""word"": ""أنوار"", ""voweled"": ""أَنْوَار""}}, {""word"": ""منارة"", ""voweled"": ""مَنَارَة"", ""en"": ""lighthouse; minaret""}, {""word"": ""إنارة"", ""voweled"": ""إِنَارَة"", ""en"": ""lighting""}, {""word"": ""منور"", ""voweled"": ""مُنَوَّر"", ""en"": ""illuminated""}, {""word"": ""تنوير"", ""voweled"": ""تَنْوِير"", ""en"": ""enlightenment""}]",[],[]
53,ح ي ي,ḥ-y-y,"life, living","[{""word"": ""حياة"", ""voweled"": ""حَيَاة"", ""en"": ""life""}, {""word"": ""حي"", ""voweled"": ""حَيّ"", ""en"": ""alive; neighborhood""}, {""word"": ""حيوان"", ""voweled"": ""حَيَوَان"", ""en"": ""animal"", ""plural"": {""word"": ""حيوانات"", ""voweled"": ""حَيَوَانَات""}}, {""word"": ""تحية"", ""voweled"": ""تَحِيَّة"", ""en"": ""greeting"", ""plural"": {""word"": ""تحيات"", ""voweled"": ""تَحِيَّات""}}, {""word"": ""إحياء"", ""voweled"": ""إِحْيَاء"", ""en"": ""revival""}]","[{""word"": ""حيوي"", ""voweled"": ""حَيَوِيّ"", ""en"": ""vital""}, {""word"": ""حياء"", ""voweled"": ""حَيَاء"", ""en"": ""modesty; shyness""}, {""word"": ""حيوية"", ""voweled"": ""حَيَوِيَّة"", ""en"": ""vitality""}]",[]
54,م و ت,m-w-t,death,"[{""word"": ""موت"", ""voweled"": ""مَوْت"", ""en"": ""death""}, {""word"": ""مات"", ""voweled"": ""مَاتَ"", ""en"": ""to die""}, {""word"": ""ميت"", ""voweled"": ""مَيِّت"", ""en"": ""dead"", ""plural"": {""word"": ""أموات"", ""voweled"": ""أَمْوَات""}}, {""word"": ""مميت"", ""voweled"": ""مُمِيت"", ""en"": ""deadly""}]",[],[]
55,و ق ت,w-q-t,time,"[{""word"": ""وقت"", ""voweled"": ""وَقْت"", ""en"": ""time"", ""plural"": {""word"": ""أوقات"", ""voweled"": ""أَوْقَات""}}, {""word"": ""مؤقت"", ""voweled"": ""مُؤَقَّت"", ""en"": ""temporary""}, {""word"": ""توقيت"", ""voweled"": ""تَوْقِيت"", ""en"": ""timing""}, {""word"": ""ميقات"", ""voweled"": ""مِيقَات"", ""en"": ""appointed time""}]",[],[]
56,ي و م,y-w-m,day,"[{""word"": ""يوم"", ""voweled"": ""يَوْم"", ""en"": ""day"", ""plural"": {""word"": ""أيام"", ""voweled"": ""أَيَّام""}}, {""word"": ""يومي"", ""voweled"": ""يَوْمِيّ"", ""en"": ""daily""}, {""word"": ""يوميا"", ""voweled"": ""يَوْمِيًّا"", ""en"": ""daily (adv.)""}, {""word"": ""يوميات"", ""voweled"": ""يَوْمِيَّات"", ""en"": ""diary""}]",[],[]
57,س ن و,s-n-w,year,"[{""word"": ""سنة"", ""voweled"": ""سَنَة"", ""en"": ""year"", ""plural"": {""word"": ""سنوات"", ""voweled"": ""سَنَوَات""}}, {""word"": ""سنوي"", ""voweled"": ""سَنَوِيّ"", ""en"": ""annual""}, {""word"": ""سنويا"", ""voweled"": ""سَنَوِيًّا"", ""en"": ""annually""}]",[],[]
58,ش ه ر,sh-h-r,"month, fame","[{""word"": ""شهر"", ""voweled"": ""شَهْر"", ""en"": ""month"", ""plural"": {""word"": ""شهور"", ""voweled"": ""شُهُور""}}, {""word"": ""شهير"", ""voweled"": ""شَهِير"", ""en"": ""famous""}, {""word"": ""مشهور"", ""voweled"": ""مَشْهُور"", ""en"": ""famous""}, {""word"": ""شهرة"", ""voweled"": ""شُهْرَة"", ""en"": ""fame""}, {""word"": ""إشهار"", ""voweled"": ""إِشْهَار"", ""en"": ""announcement; publicity""}]","[{""word"": ""شهري"", ""voweled"": ""شَهْرِيّ"", ""en"": ""monthly""}]",[]
59,ط ر ق,ṭ-r-q,"road, knocking, method","[{""word"": ""طريق"", ""voweled"": ""طَرِيق"", ""en"": ""road"", ""plural"": {""word"": ""طرق"", ""voweled"": ""طُرُق""}}, {""word"": ""طريقة"", ""voweled"": ""طَرِيقَة"", ""en"": ""method; way"", ""plural"": {""word"": ""طرائق"", ""voweled"": ""طَرَائِق""}}, {""word"": ""طرق"", ""voweled"": ""طَرَقَ"", ""en"": ""to knock"", ""accept"": [""طَرَقَ"", ""طُرُق""]}, {""word"": ""مطرقة"", ""voweled"": ""مِطْرَقَة"", ""en"": ""hammer"", ""plural"": {""word"": ""مطارق"", ""voweled"": ""مَطَارِق""}}]",[],[]
60,س ي ر,s-y-r,"walking, proceeding","[{""word"": ""سار"", ""voweled"": ""سَارَ"", ""en"": ""to walk; to proceed""}, {""word"": ""سير"", ""voweled"": ""سَيْر"", ""en"": ""course; traffic"", ""accept"": [""سَيْر"", ""سِيَر""]}, {""word"": ""سيارة"", ""voweled"": ""سَيَّارَة"", ""en"": ""car"", ""plural"": {""word"": ""سيارات"", ""voweled"": ""سَيَّارَات""}}, {""word"": ""مسيرة"", ""voweled"": ""مَسِيرَة"", ""en"": ""march; career"", ""plural"": {""word"": ""مسيرات"", ""voweled"": ""مَسِيرَات""}}, {""word"": ""سيرة"", ""voweled"": ""سِيرَة"", ""en"": ""biography"", ""plural"": {""word"": ""سير"", ""voweled"": ""سِيَر""}}]","[{""word"": ""مسار"", ""voweled"": ""مَسَار"", ""en"": ""path; track"", ""plural"": {""word"": ""مسارات"", ""voweled"": ""مَسَارَات""}}, {""word"": ""تسيير"", ""voweled"": ""تَسْيِير"", ""en"": ""running; management""}]",[]
61,ر ك ب,r-k-b,"riding, mounting","[{""word"": ""ركب"", ""voweled"": ""رَكِبَ"", ""en"": ""to ride"", ""accept"": [""رَكِبَ"", ""رُكَب""]}, {""word"": ""راكب"", ""voweled"": ""رَاكِب"", ""en"": ""passenger"", ""plural"": {""word"": ""ركاب"", ""voweled"": ""رُكَّاب""}}, {""word"": ""مركبة"", ""voweled"": ""مَرْكَبَة"", ""en"": ""vehicle"", ""plural"": {""word"": ""مركبات"", ""voweled"": ""مَرْكَبَات""}}, {""word"": ""تركيب"", ""voweled"": ""تَرْكِيب"", ""en"": ""installation; structure""}, {""word"": ""مركب"", ""voweled"": ""مُرَكَّب"", ""en"": ""compound"", ""accept"": [""مَرْكَب"", ""مُرَكَّب""]}]","[{""word"": ""مركب"", ""voweled"": ""مَرْكَب"", ""en"": ""boat"", ""plural"": {""word"": ""مراكب"", ""voweled"": ""مَرَاكِب""}, ""accept"": [""مَرْكَب"", ""مُرَكَّب""]}, {""word"": ""ركبة"", ""voweled"": ""رُكْبَة"", ""en"": ""knee"", ""plural"": {""word"": ""ركب"", ""voweled"": ""رُكَب""}}, {""word"": ""تركيبة"", ""voweled"": ""تَرْكِيبَة"", ""en"": ""composition; formula""}]",[]
62,ح م ل,ḥ-m-l,carrying,"[{""word"": ""حمل"", ""voweled"": ""حَمَلَ"", ""en"": ""to carry"", ""accept"": [""حَمَلَ"", ""حَمْل"", ""حِمْل""]}, {""word"": ""حمل"", ""voweled"": ""حَمْل"", ""en"": ""carrying; pregnancy"", ""accept"": [""حَمَلَ"", ""حَمْل"", ""حِمْل""]}, {""word"": ""حملة"", ""voweled"": ""حَمْلَة"", ""en"": ""campaign"", ""plural"": {""word"": ""حملات"", ""voweled"": ""حَمَلَات""}}, {""word"": ""حامل"", ""voweled"": ""حَامِل"", ""en"": ""carrier; pregnant""}, {""word"": ""تحميل"", ""voweled"": ""تَحْمِيل"", ""en"": ""loading; downloading""}]","[{""word"": ""محمول"", ""voweled"": ""مَحْمُول"", ""en"": ""mobile; carried""}, {""word"": ""حمل"", ""voweled"": ""حِمْل"", ""en"": ""load; burden"", ""plural"": {""word"": ""أحمال"", ""voweled"": ""أَحْمَال""}, ""accept"": [""حَمَلَ"", ""حَمْل"", ""حِمْل""]}, {""word"": ""احتمال"", ""voweled"": ""اِحْتِمَال"", ""en"": ""probability; possibility"", ""plural"": {""word"": ""احتمالات"", ""voweled"": ""اِحْتِمَالَات""}}, {""word"": ""محتمل"", ""voweled"": ""مُحْتَمَل"", ""en"": ""probable; likely""}]",[]
63,ف ت ح,f-t-ḥ,opening,"[{""word"": ""فتح"", ""voweled"": ""فَتَحَ"", ""en"": ""to open"", ""accept"": [""فَتَحَ"", ""فَتْح""]}, {""word"": ""فتح"", ""voweled"": ""فَتْح"", ""en"": ""opening; conquest"", ""accept"": [""فَتَحَ"", ""فَتْح""]}, {""word"": ""مفتاح"", ""voweled"": ""مِفْتَاح"", ""en"": ""key"", ""plural"": {""word"": ""مفاتيح"", ""voweled"": ""مَفَاتِيح""}}, {""word"": ""مفتوح"", ""voweled"": ""مَفْتُوح"", ""en"": ""open""}, {""word"": ""افتتاح"", ""voweled"": ""اِفْتِتَاح"", ""en"": ""inauguration""}]","[{""word"": ""فاتح"", ""voweled"": ""فَاتِح"", ""en"": ""light (color); opener""}, {""word"": ""فتحة"", ""voweled"": ""فَتْحَة"", ""en"": ""opening; slot"", ""plural"": {""word"": ""فتحات"", ""voweled"": ""فَتَحَات""}}, {""word"": ""انفتاح"", ""voweled"": ""اِنْفِتَاح"", ""en"": ""openness""}, {""word"": ""فاتحة"", ""voweled"": ""فَاتِحَة"", ""en"": ""opening (of a text); al-Fatiha""}]",[]
64,غ ل ق,gh-l-q,closing,"[{""word"": ""أغلق"", ""voweled"": ""أَغْلَقَ"", ""en"": ""to close""}, {""word"": ""مغلق"", ""voweled"": ""مُغْلَق"", ""en"": ""closed""}, {""word"": ""إغلاق"", ""voweled"": ""إِغْلَاق"", ""en"": ""closure""}, {""word"": ""غلق"", ""voweled"": ""غَلْق"", ""en"": ""locking""}, {""word"": ""انغلاق"", ""voweled"": ""اِنْغِلَاق"", ""en"": ""closedness; insularity""}]",[],[]
65,ب د أ,b-d-ʾ,beginning,"[{""word"": ""بدأ"", ""voweled"": ""بَدَأَ"", ""en"": ""to begin""}, {""word"": ""بداية"", ""voweled"": ""بِدَايَة"", ""en"": ""beginning"", ""plural"": {""word"": ""بدايات"", ""voweled"": ""بِدَايَات""}}, {""word"": ""مبدأ"", ""voweled"": ""مَبْدَأ"", ""en"": ""principle"", ""plural"": {""word"": ""مبادئ"", ""voweled"": ""مَبَادِئ""}}, {""word"": ""مبتدئ"", ""voweled"": ""مُبْتَدِئ"", ""en"": ""beginner"", ""plural"": {""word"": ""مبتدئون"", ""voweled"": ""مُبْتَدِئُون""}}, {""word"": ""ابتدائي"", ""voweled"": ""اِبْتِدَائِيّ"", ""en"": ""elementary; primary""}]","[{""word"": ""بدء"", ""voweled"": ""بَدْء"", ""en"": ""start; commencement""}, {""word"": ""مبدئي"", ""voweled"": ""مَبْدَئِيّ"", ""en"": ""preliminary; principled""}, {""word"": ""بدائي"", ""voweled"": ""بِدَائِيّ"", ""en"": ""primitive""}]",[]
66,ن ه ي,n-h-y,"ending, forbidding","[{""word"": ""نهاية"", ""voweled"": ""نِهَايَة"", ""en"": ""end"", ""plural"": {""word"": ""نهايات"", ""voweled"": ""نِهَايَات""}}, {""word"": ""نهائي"", ""voweled"": ""نِهَائِيّ"", ""en"": ""final""}, {""word"": ""انتهى"", ""voweled"": ""اِنْتَهَى"", ""en"": ""to end""}, {""word"": ""انتهاء"", ""voweled"": ""اِنْتِهَاء"", ""en"": ""expiration""}, {""word"": ""نهي"", ""voweled"": ""نَهْي"", ""en"": ""prohibition""}]",[],[]
67,ت م م,t-m-m,completing,"[{""word"": ""تم"", ""voweled"": ""تَمَّ"", ""en"": ""to be completed""}, {""word"": ""تمام"", ""voweled"": ""تَمَام"", ""en"": ""completeness""}, {""word"": ""إتمام"", ""voweled"": ""إِتْمَام"", ""en"": ""completion""}, {""word"": ""متمم"", ""voweled"": ""مُتَمِّم"", ""en"": ""complementary""}, {""word"": ""تماما"", ""voweled"": ""تَمَامًا"", ""en"": ""exactly; completely""}]","[{""word"": ""تتمة"", ""voweled"": ""تَتِمَّة"", ""en"": ""continuation; remainder""}, {""word"": ""تميمة"", ""voweled"": ""تَمِيمَة"", ""en"": ""amulet"", ""plural"": {""word"": ""تمائم"", ""voweled"": ""تَمَائِم""}}]",[]
68,ب ق ي,b-q-y,remaining,"[{""word"": ""بقي"", ""voweled"": ""بَقِيَ"", ""en"": ""to remain""}, {""word"": ""بقاء"", ""voweled"": ""بَقَاء"", ""en"": ""survival; staying""}, {""word"": ""باقي"", ""voweled"": ""بَاقِي"", ""en"": ""remainder""}, {""word"": ""بقية"", ""voweled"": ""بَقِيَّة"", ""en"": ""rest; remainder""}, {""word"": ""متبقي"", ""voweled"": ""مُتَبَقِّي"", ""en"": ""remaining""}]","[{""word"": ""إبقاء"", ""voweled"": ""إِبْقَاء"", ""en"": ""keeping; retention""}]",[]
69,ز و ل,z-w-l,"ceasing, removal","[{""word"": ""زال"", ""voweled"": ""زَالَ"", ""en"": ""to cease""}, {""word"": ""زوال"", ""voweled"": ""زَوَال"", ""en"": ""disappearance; decline""}, {""word"": ""إزالة"", ""voweled"": ""إِزَالَة"", ""en"": ""removal""}, {""word"": ""لا يزال"", ""voweled"": ""لَا يَزَال"", ""en"": ""still; continues to""}, {""word"": ""مزيل"", ""voweled"": ""مُزِيل"", ""en"": ""remover""}]","[{""word"": ""زائل"", ""voweled"": ""زَائِل"", ""en"": ""transient; fleeting""}]",[]
70,ص ب ح,ṣ-b-ḥ,"morning, becoming","[{""word"": ""صباح"", ""voweled"": ""صَبَاح"", ""en"": ""morning""}, {""word"": ""أصبح"", ""voweled"": ""أَصْبَحَ"", ""en"": ""to become""}, {""word"": ""مصباح"", ""voweled"": ""مِصْبَاح"", ""en"": ""lamp"", ""plural"": {""word"": ""مصابيح"", ""voweled"": ""مَصَابِيح""}}, {""word"": ""صباحا"", ""voweled"": ""صَبَاحًا"", ""en"": ""in the morning""}, {""word"": ""صبح"", ""voweled"": ""صُبْح"", ""en"": ""dawn""}]","[{""word"": ""صباحي"", ""voweled"": ""صَبَاحِيّ"", ""en"": ""morning (adj.)""}]",[]
71,ل ي ل,l-y-l,night,"[{""word"": ""ليل"", ""voweled"": ""لَيْل"", ""en"": ""night(time)""}, {""word"": ""ليلة"", ""voweled"": ""لَيْلَة"", ""en"": ""a night"", ""plural"": {""word"": ""ليالي"", ""voweled"": ""لَيَالٍ""}}, {""word"": ""ليلي"", ""voweled"": ""لَيْلِيّ"", ""en"": ""nocturnal""}, {""word"": ""ليلا"", ""voweled"": ""لَيْلًا"", ""en"": ""at night""}]",[],[]
72,ع د د,ʿ-d-d,"counting, number","[{""word"": ""عدد"", ""voweled"": ""عَدَد"", ""en"": ""number"", ""plural"": {""word"": ""أعداد"", ""voweled"": ""أَعْدَاد""}}, {""word"": ""تعداد"", ""voweled"": ""تَعْدَاد"", ""en"": ""census; enumeration""}, {""word"": ""إعداد"", ""voweled"": ""إِعْدَاد"", ""en"": ""preparation""}, {""word"": ""استعداد"", ""voweled"": ""اِسْتِعْدَاد"", ""en"": ""readiness""}, {""word"": ""متعدد"", ""voweled"": ""مُتَعَدِّد"", ""en"": ""multiple""}]","[{""word"": ""عدة"", ""voweled"": ""عِدَّة"", ""en"": ""several""}, {""word"": ""عداد"", ""voweled"": ""عَدَّاد"", ""en"": ""counter; meter"", ""plural"": {""word"": ""عدادات"", ""voweled"": ""عَدَّادَات""}}, {""word"": ""معدات"", ""voweled"": ""مُعَدَّات"", ""en"": ""equipment""}, {""word"": ""إعدادي"", ""voweled"": ""إِعْدَادِيّ"", ""en"": ""preparatory""}]",[]
73,ح س ب,ḥ-s-b,"calculating, accounting","[{""word"": ""حسب"", ""voweled"": ""حَسَبَ"", ""en"": ""to calculate"", ""accept"": [""حَسَبَ"", ""حَسْب""]}, {""word"": ""حساب"", ""voweled"": ""حِسَاب"", ""en"": ""account; arithmetic"", ""plural"": {""word"": ""حسابات"", ""voweled"": ""حِسَابَات""}}, {""word"": ""حاسوب"", ""voweled"": ""حَاسُوب"", ""en"": ""computer"", ""plural"": {""word"": ""حواسيب"", ""voweled"": ""حَوَاسِيب""}}, {""word"": ""محاسب"", ""voweled"": ""مُحَاسِب"", ""en"": ""accountant"", ""plural"": {""word"": ""محاسبون"", ""voweled"": ""مُحَاسِبُون""}}, {""word"": ""حسب"", ""voweled"": ""حَسْب"", ""en"": ""according to"", ""accept"": [""حَسَبَ"", ""حَسْب""]}]","[{""word"": ""محاسبة"", ""voweled"": ""مُحَاسَبَة"", ""en"": ""accounting; holding to account""}, {""word"": ""حاسبة"", ""voweled"": ""حَاسِبَة"", ""en"": ""calculator""}]",[]
74,ك م ل,k-m-l,"completing, perfecting","[{""word"": ""كامل"", ""voweled"": ""كَامِل"", ""en"": ""complete""}, {""word"": ""كمال"", ""voweled"": ""كَمَال"", ""en"": ""perfection""}, {""word"": ""إكمال"", ""voweled"": ""إِكْمَال"", ""en"": ""completion""}, {""word"": ""تكامل"", ""voweled"": ""تَكَامُل"", ""en"": ""integration""}, {""word"": ""مكمل"", ""voweled"": ""مُكَمِّل"", ""en"": ""supplement; complementary""}]","[{""word"": ""اكتمال"", ""voweled"": ""اِكْتِمَال"", ""en"": ""completion; fullness""}, {""word"": ""تكملة"", ""voweled"": ""تَكْمِلَة"", ""en"": ""supplement; continuation""}]",[]
75,ج م ع,j-m-ʿ,gathering,"[{""word"": ""جمع"", ""voweled"": ""جَمَعَ"", ""en"": ""to gather"", ""accept"": [""جَمَعَ"", ""جَمْع""]}, {""word"": ""جمعة"", ""voweled"": ""جُمْعَة"", ""en"": ""Friday""}, {""word"": ""جماعة"", ""voweled"": ""جَمَاعَة"", ""en"": ""group"", ""plural"": {""word"": ""جماعات"", ""voweled"": ""جَمَاعَات""}}, {""word"": ""مجتمع"", ""voweled"": ""مُجْتَمَع"", ""en"": ""society"", ""plural"": {""word"": ""مجتمعات"", ""voweled"": ""مُجْتَمَعَات""}}, {""word"": ""جامعة"", ""voweled"": ""جَامِعَة"", ""en"": ""university"", ""plural"": {""word"": ""جامعات"", ""voweled"": ""جَامِعَات""}}]","[{""word"": ""اجتماع"", ""voweled"": ""اِجْتِمَاع"", ""en"": ""meeting"", ""plural"": {""word"": ""اجتماعات"", ""voweled"": ""اِجْتِمَاعَات""}}, {""word"": ""مجموعة"", ""voweled"": ""مَجْمُوعَة"", ""en"": ""collection; set"", ""plural"": {""word"": ""مجموعات"", ""voweled"": ""مَجْمُوعَات""}}, {""word"": ""جامع"", ""voweled"": ""جَامِع"", ""en"": ""mosque"", ""plural"": {""word"": ""جوامع"", ""voweled"": ""جَوَامِع""}}, {""word"": ""جمع"", ""voweled"": ""جَمْع"", ""en"": ""plural; gathering"", ""accept"": [""جَمَعَ"", ""جَمْع""]}, {""word"": ""إجماع"", ""voweled"": ""إِجْمَاع"", ""en"": ""consensus""}]","[{""word"": ""جمعية"", ""voweled"": ""جَمْعِيَّة"", ""en"": ""association"", ""plural"": {""word"": ""جمعيات"", ""voweled"": ""جَمْعِيَّات""}}, {""word"": ""مجمع"", ""voweled"": ""مُجَمَّع"", ""en"": ""complex (buildings)"", ""plural"": {""word"": ""مجمعات"", ""voweled"": ""مُجَمَّعَات""}}]"
76,ف ر ق,f-r-q,"separating, difference","[{""word"": ""فرق"", ""voweled"": ""فَرْق"", ""en"": ""difference"", ""plural"": {""word"": ""فروق"", ""voweled"": ""فُرُوق""}}, {""word"": ""فريق"", ""voweled"": ""فَرِيق"", ""en"": ""team""}, {""word"": ""فرقة"", ""voweled"": ""فِرْقَة"", ""en"": ""band; troupe""}, {""word"": ""تفريق"", ""voweled"": ""تَفْرِيق"", ""en"": ""separation""}, {""word"": ""مفترق"", ""voweled"": ""مُفْتَرَق"", ""en"": ""crossroads""}]","[{""word"": ""متفرق"", ""voweled"": ""مُتَفَرِّق"", ""en"": ""scattered""}, {""word"": ""فارق"", ""voweled"": ""فَارِق"", ""en"": ""distinction; gap""}, {""word"": ""فراق"", ""voweled"": ""فِرَاق"", ""en"": ""parting; separation""}, {""word"": ""مفارقة"", ""voweled"": ""مُفَارَقَة"", ""en"": ""paradox; irony""}]",[]
77,ج د د,j-d-d,"being new, renewing","[{""word"": ""جديد"", ""voweled"": ""جَدِيد"", ""en"": ""new""}, {""word"": ""تجديد"", ""voweled"": ""تَجْدِيد"", ""en"": ""renewal""}, {""word"": ""جد"", ""voweled"": ""جَدّ"", ""en"": ""grandfather"", ""plural"": {""word"": ""أجداد"", ""voweled"": ""أَجْدَاد""}}, {""word"": ""جدة"", ""voweled"": ""جَدَّة"", ""en"": ""grandmother"", ""plural"": {""word"": ""جدات"", ""voweled"": ""جَدَّات""}, ""accept"": [""جَدَّة"", ""جِدَّة""]}, {""word"": ""جدي"", ""voweled"": ""جِدِّيّ"", ""en"": ""serious""}]","[{""word"": ""جدا"", ""voweled"": ""جِدًّا"", ""en"": ""very""}, {""word"": ""جدة"", ""voweled"": ""جِدَّة"", ""en"": ""novelty"", ""accept"": [""جَدَّة"", ""جِدَّة""]}, {""word"": ""متجدد"", ""voweled"": ""مُتَجَدِّد"", ""en"": ""renewable; recurring""}]",[]
78,ق د م,q-d-m,"advancing, being old","[{""word"": ""قديم"", ""voweled"": ""قَدِيم"", ""en"": ""old""}, {""word"": ""قدم"", ""voweled"": ""قَدَم"", ""en"": ""foot"", ""plural"": {""word"": ""أقدام"", ""voweled"": ""أَقْدَام""}}, {""word"": ""تقدم"", ""voweled"": ""تَقَدُّم"", ""en"": ""progress""}, {""word"": ""مقدمة"", ""voweled"": ""مُقَدِّمَة"", ""en"": ""introduction"", ""plural"": {""word"": ""مقدمات"", ""voweled"": ""مُقَدِّمَات""}}, {""word"": ""قادم"", ""voweled"": ""قَادِم"", ""en"": ""coming; next""}]","[{""word"": ""تقديم"", ""voweled"": ""تَقْدِيم"", ""en"": ""presentation; offering""}, {""word"": ""قدوم"", ""voweled"": ""قُدُوم"", ""en"": ""arrival; coming""}, {""word"": ""متقدم"", ""voweled"": ""مُتَقَدِّم"", ""en"": ""advanced; applicant""}]",[]
79,ب ع د,b-ʿ-d,"being far, after","[{""word"": ""بعد"", ""voweled"": ""بَعْد"", ""en"": ""after"", ""accept"": [""بَعْد"", ""بُعْد""]}, {""word"": ""بعيد"", ""voweled"": ""بَعِيد"", ""en"": ""far""}, {""word"": ""بعد"", ""voweled"": ""بُعْد"", ""en"": ""distance; dimension"", ""plural"": {""word"": ""أبعاد"", ""voweled"": ""أَبْعَاد""}, ""accept"": [""بَعْد"", ""بُعْد""]}, {""word"": ""استبعاد"", ""voweled"": ""اِسْتِبْعَاد"", ""en"": ""exclusion""}, {""word"": ""ابتعاد"", ""voweled"": ""اِبْتِعَاد"", ""en"": ""moving away; distancing""}]",[],[]
80,ق ر ب,q-r-b,being near,"[{""word"": ""قريب"", ""voweled"": ""قَرِيب"", ""en"": ""near; relative"", ""plural"": {""word"": ""أقارب"", ""voweled"": ""أَقَارِب""}}, {""word"": ""قرب"", ""voweled"": ""قُرْب"", ""en"": ""nearness""}, {""word"": ""تقريبا"", ""voweled"": ""تَقْرِيبًا"", ""en"": ""approximately""}, {""word"": ""اقتراب"", ""voweled"": ""اِقْتِرَاب"", ""en"": ""approach""}, {""word"": ""قارب"", ""voweled"": ""قَارِب"", ""en"": ""boat"", ""plural"": {""word"": ""قوارب"", ""voweled"": ""قَوَارِب""}}]","[{""word"": ""قرابة"", ""voweled"": ""قَرَابَة"", ""en"": ""kinship""}, {""word"": ""تقارب"", ""voweled"": ""تَقَارُب"", ""en"": ""rapprochement; convergence""}, {""word"": ""مقرب"", ""voweled"": ""مُقَرَّب"", ""en"": ""close (person); confidant""}]",[]
81,ر ف ع,r-f-ʿ,raising,"[{""word"": ""رفع"", ""voweled"": ""رَفَعَ"", ""en"": ""to raise"", ""accept"": [""رَفَعَ"", ""رَفْع""]}, {""word"": ""رفع"", ""voweled"": ""رَفْع"", ""en"": ""raising; lifting"", ""accept"": [""رَفَعَ"", ""رَفْع""]}, {""word"": ""مرتفع"", ""voweled"": ""مُرْتَفِع"", ""en"": ""high; elevated""}, {""word"": ""ارتفاع"", ""voweled"": ""اِرْتِفَاع"", ""en"": ""rise; height""}, {""word"": ""رافعة"", ""voweled"": ""رَافِعَة"", ""en"": ""crane; lever"", ""plural"": {""word"": ""رافعات"", ""voweled"": ""رَافِعَات""}}]","[{""word"": ""رفيع"", ""voweled"": ""رَفِيع"", ""en"": ""high-ranking; fine""}, {""word"": ""مرفوع"", ""voweled"": ""مَرْفُوع"", ""en"": ""raised; nominative""}]",[]
82,ن ز ل,n-z-l,descending,"[{""word"": ""نزل"", ""voweled"": ""نَزَلَ"", ""en"": ""to descend""}, {""word"": ""نزول"", ""voweled"": ""نُزُول"", ""en"": ""descent""}, {""word"": ""منزل"", ""voweled"": ""مَنْزِل"", ""en"": ""home"", ""plural"": {""word"": ""منازل"", ""voweled"": ""مَنَازِل""}}, {""word"": ""تنزيل"", ""voweled"": ""تَنْزِيل"", ""en"": ""download; discount""}, {""word"": ""نازل"", ""voweled"": ""نَازِل"", ""en"": ""descending""}]","[{""word"": ""نزيل"", ""voweled"": ""نَزِيل"", ""en"": ""guest; inmate"", ""plural"": {""word"": ""نزلاء"", ""voweled"": ""نُزَلَاء""}}, {""word"": ""منزلة"", ""voweled"": ""مَنْزِلَة"", ""en"": ""rank; standing""}]",[]
83,و ض ع,w-ḍ-ʿ,"placing, situation","[{""word"": ""وضع"", ""voweled"": ""وَضَعَ"", ""en"": ""to place"", ""accept"": [""وَضَعَ"", ""وَضْع""]}, {""word"": ""وضع"", ""voweled"": ""وَضْع"", ""en"": ""situation"", ""accept"": [""وَضَعَ"", ""وَضْع""]}, {""word"": ""موضوع"", ""voweled"": ""مَوْضُوع"", ""en"": ""topic; subject"", ""plural"": {""word"": ""مواضيع"", ""voweled"": ""مَوَاضِيع""}}, {""word"": ""تواضع"", ""voweled"": ""تَوَاضُع"", ""en"": ""humility""}, {""word"": ""مواضع"", ""voweled"": ""مَوَاضِع"", ""en"": ""positions""}]","[{""word"": ""وضعية"", ""voweled"": ""وَضْعِيَّة"", ""en"": ""position; posture""}, {""word"": ""متواضع"", ""voweled"": ""مُتَوَاضِع"", ""en"": ""humble; modest""}]",[]
84,ف ك ر,f-k-r,thinking,"[{""word"": ""فكر"", ""voweled"": ""فَكَّرَ"", ""en"": ""to think"", ""accept"": [""فَكَّرَ"", ""فِكْر""]}, {""word"": ""فكرة"", ""voweled"": ""فِكْرَة"", ""en"": ""idea"", ""plural"": {""word"": ""أفكار"", ""voweled"": ""أَفْكَار"", ""forms"": [""أَفْكَار"", ""فِكَر""]}}, {""word"": ""فكر"", ""voweled"": ""فِكْر"", ""en"": ""thought"", ""accept"": [""فَكَّرَ"", ""فِكْر""]}, {""word"": ""تفكير"", ""voweled"": ""تَفْكِير"", ""en"": ""thinking""}, {""word"": ""مفكر"", ""voweled"": ""مُفَكِّر"", ""en"": ""thinker; intellectual"", ""plural"": {""word"": ""مفكرون"", ""voweled"": ""مُفَكِّرُون""}}]","[{""word"": ""فكري"", ""voweled"": ""فِكْرِيّ"", ""en"": ""intellectual (adj.)""}]",[]
85,ذ ك ر,dh-k-r,"remembering, mentioning","[{""word"": ""ذكر"", ""voweled"": ""ذَكَرَ"", ""en"": ""to mention"", ""accept"": [""ذَكَر"", ""ذَكَرَ"", ""ذِكْر""]}, {""word"": ""ذاكرة"", ""voweled"": ""ذَاكِرَة"", ""en"": ""memory""}, {""word"": ""تذكرة"", ""voweled"": ""تَذْكِرَة"", ""en"": ""ticket"", ""plural"": {""word"": ""تذاكر"", ""voweled"": ""تَذَاكِر""}}, {""word"": ""ذكرى"", ""voweled"": ""ذِكْرَى"", ""en"": ""memory; anniversary"", ""plural"": {""word"": ""ذكريات"", ""voweled"": ""ذِكْرَيَات""}}, {""word"": ""تذكر"", ""voweled"": ""تَذَكُّر"", ""en"": ""remembering""}]","[{""word"": ""مذكرات"", ""voweled"": ""مُذَكِّرَات"", ""en"": ""memoirs; notes""}, {""word"": ""ذكر"", ""voweled"": ""ذِكْر"", ""en"": ""mention; remembrance (dhikr)"", ""accept"": [""ذَكَر"", ""ذَكَرَ"", ""ذِكْر""]}, {""word"": ""ذكر"", ""voweled"": ""ذَكَر"", ""en"": ""male"", ""plural"": {""word"": ""ذكور"", ""voweled"": ""ذُكُور""}, ""accept"": [""ذَكَر"", ""ذَكَرَ"", ""ذِكْر""]}, {""word"": ""تذكير"", ""voweled"": ""تَذْكِير"", ""en"": ""reminder; reminding""}]",[]
86,ش ع ر,sh-ʿ-r,"feeling, poetry, hair","[{""word"": ""شعر"", ""voweled"": ""شَعَرَ"", ""en"": ""to feel"", ""accept"": [""شَعَرَ"", ""شَعْر"", ""شِعْر""]}, {""word"": ""شعور"", ""voweled"": ""شُعُور"", ""en"": ""feeling"", ""plural"": {""word"": ""مشاعر"", ""voweled"": ""مَشَاعِر""}}, {""word"": ""شعر"", ""voweled"": ""شِعْر"", ""en"": ""poetry"", ""accept"": [""شَعَرَ"", ""شَعْر"", ""شِعْر""]}, {""word"": ""شاعر"", ""voweled"": ""شَاعِر"", ""en"": ""poet"", ""plural"": {""word"": ""شعراء"", ""voweled"": ""شُعَرَاء""}}, {""word"": ""شعر"", ""voweled"": ""شَعْر"", ""en"": ""hair"", ""accept"": [""شَعَرَ"", ""شَعْر"", ""شِعْر""]}]","[{""word"": ""شعار"", ""voweled"": ""شِعَار"", ""en"": ""slogan; emblem"", ""plural"": {""word"": ""شعارات"", ""voweled"": ""شِعَارَات""}}]",[]
87,ح ق ق,ḥ-q-q,"truth, right","[{""word"": ""حق"", ""voweled"": ""حَقّ"", ""en"": ""right; truth"", ""plural"": {""word"": ""حقوق"", ""voweled"": ""حُقُوق""}}, {""word"": ""حقيقة"", ""voweled"": ""حَقِيقَة"", ""en"": ""truth; reality"", ""plural"": {""word"": ""حقائق"", ""voweled"": ""حَقَائِق""}}, {""word"": ""تحقيق"", ""voweled"": ""تَحْقِيق"", ""en"": ""investigation""}, {""word"": ""حقيقي"", ""voweled"": ""حَقِيقِيّ"", ""en"": ""real""}, {""word"": ""تحقق"", ""voweled"": ""تَحَقُّق"", ""en"": ""verification""}]","[{""word"": ""محقق"", ""voweled"": ""مُحَقِّق"", ""en"": ""investigator"", ""plural"": {""word"": ""محققون"", ""voweled"": ""مُحَقِّقُون""}}, {""word"": ""استحقاق"", ""voweled"": ""اِسْتِحْقَاق"", ""en"": ""entitlement; due date""}]",[]
88,ص د ق,ṣ-d-q,truthfulness,"[{""word"": ""صدق"", ""voweled"": ""صِدْق"", ""en"": ""honesty""}, {""word"": ""صديق"", ""voweled"": ""صَدِيق"", ""en"": ""friend"", ""plural"": {""word"": ""أصدقاء"", ""voweled"": ""أَصْدِقَاء""}}, {""word"": ""صداقة"", ""voweled"": ""صَدَاقَة"", ""en"": ""friendship""}, {""word"": ""تصديق"", ""voweled"": ""تَصْدِيق"", ""en"": ""ratification; believing""}, {""word"": ""صادق"", ""voweled"": ""صَادِق"", ""en"": ""honest""}]","[{""word"": ""صدقة"", ""voweled"": ""صَدَقَة"", ""en"": ""charity; alms"", ""plural"": {""word"": ""صدقات"", ""voweled"": ""صَدَقَات""}}, {""word"": ""مصداقية"", ""voweled"": ""مِصْدَاقِيَّة"", ""en"": ""credibility""}]",[]
89,و ث ق,w-th-q,"trust, documentation","[{""word"": ""وثيقة"", ""voweled"": ""وَثِيقَة"", ""en"": ""document"", ""plural"": {""word"": ""وثائق"", ""voweled"": ""وَثَائِق""}}, {""word"": ""توثيق"", ""voweled"": ""تَوْثِيق"", ""en"": ""documentation""}, {""word"": ""ثقة"", ""voweled"": ""ثِقَة"", ""en"": ""trust; confidence""}, {""word"": ""ميثاق"", ""voweled"": ""مِيثَاق"", ""en"": ""charter; pact"", ""plural"": {""word"": ""مواثيق"", ""voweled"": ""مَوَاثِيق""}}, {""word"": ""موثوق"", ""voweled"": ""مَوْثُوق"", ""en"": ""reliable""}]","[{""word"": ""موثق"", ""voweled"": ""مُوَثَّق"", ""en"": ""documented; certified""}]",[]
90,ع ط و,ʿ-ṭ-w,giving,"[{""word"": ""أعطى"", ""voweled"": ""أَعْطَى"", ""en"": ""to give""}, {""word"": ""عطاء"", ""voweled"": ""عَطَاء"", ""en"": ""giving; bid""}, {""word"": ""إعطاء"", ""voweled"": ""إِعْطَاء"", ""en"": ""giving""}, {""word"": ""معطيات"", ""voweled"": ""مُعْطَيَات"", ""en"": ""data; givens""}, {""word"": ""عطية"", ""voweled"": ""عَطِيَّة"", ""en"": ""gift"", ""plural"": {""word"": ""عطايا"", ""voweled"": ""عَطَايَا"", ""forms"": [""عَطَايَا"", ""عَطِيَّات""]}}]",[],[]
91,أ خ ذ,ʾ-kh-dh,taking,"[{""word"": ""أخذ"", ""voweled"": ""أَخَذَ"", ""en"": ""to take"", ""accept"": [""أَخَذَ"", ""أَخْذ""]}, {""word"": ""أخذ"", ""voweled"": ""أَخْذ"", ""en"": ""taking"", ""accept"": [""أَخَذَ"", ""أَخْذ""]}, {""word"": ""مأخوذ"", ""voweled"": ""مَأْخُوذ"", ""en"": ""taken""}, {""word"": ""اتخاذ"", ""voweled"": ""اِتِّخَاذ"", ""en"": ""adopting (measures)""}, {""word"": ""مؤاخذة"", ""voweled"": ""مُؤَاخَذَة"", ""en"": ""blame; reproach""}]","[{""word"": ""مأخذ"", ""voweled"": ""مَأْخَذ"", ""en"": ""fault; source"", ""plural"": {""word"": ""مآخذ"", ""voweled"": ""مَآخِذ""}}]",[]
92,ح ف ظ,ḥ-f-ẓ,"preserving, memorizing","[{""word"": ""حفظ"", ""voweled"": ""حَفِظَ"", ""en"": ""to memorize; to preserve"", ""accept"": [""حَفِظَ"", ""حِفْظ""]}, {""word"": ""حفظ"", ""voweled"": ""حِفْظ"", ""en"": ""preservation; memorization"", ""accept"": [""حَفِظَ"", ""حِفْظ""]}, {""word"": ""محفظة"", ""voweled"": ""مِحْفَظَة"", ""en"": ""wallet; portfolio"", ""plural"": {""word"": ""محافظ"", ""voweled"": ""مَحَافِظ""}}, {""word"": ""محافظة"", ""voweled"": ""مُحَافَظَة"", ""en"": ""province; preserving"", ""plural"": {""word"": ""محافظات"", ""voweled"": ""مُحَافَظَات""}}, {""word"": ""حافظ"", ""voweled"": ""حَافِظ"", ""en"": ""keeper; memorizer""}]","[{""word"": ""محفوظات"", ""voweled"": ""مَحْفُوظَات"", ""en"": ""archives""}, {""word"": ""محفوظ"", ""voweled"": ""مَحْفُوظ"", ""en"": ""preserved; memorized""}, {""word"": ""تحفظ"", ""voweled"": ""تَحَفُّظ"", ""en"": ""reservation; caution"", ""plural"": {""word"": ""تحفظات"", ""voweled"": ""تَحَفُّظَات""}}]",[]
93,خ د م,kh-d-m,serving,"[{""word"": ""خدم"", ""voweled"": ""خَدَمَ"", ""en"": ""to serve""}, {""word"": ""خدمة"", ""voweled"": ""خِدْمَة"", ""en"": ""service"", ""plural"": {""word"": ""خدمات"", ""voweled"": ""خَدَمَات"", ""forms"": [""خِدْمَات"", ""خَدَمَات""]}}, {""word"": ""خادم"", ""voweled"": ""خَادِم"", ""en"": ""servant; server""}, {""word"": ""استخدام"", ""voweled"": ""اِسْتِخْدَام"", ""en"": ""use; employment""}, {""word"": ""مستخدم"", ""voweled"": ""مُسْتَخْدِم"", ""en"": ""user"", ""accept"": [""مُسْتَخْدَم"", ""مُسْتَخْدِم""]}]","[{""word"": ""مستخدم"", ""voweled"": ""مُسْتَخْدَم"", ""en"": ""employee"", ""plural"": {""word"": ""مستخدمون"", ""voweled"": ""مُسْتَخْدَمُون""}, ""accept"": [""مُسْتَخْدَم"", ""مُسْتَخْدِم""]}]",[]
94,ن ت ج,n-t-j,producing,"[{""word"": ""نتيجة"", ""voweled"": ""نَتِيجَة"", ""en"": ""result"", ""plural"": {""word"": ""نتائج"", ""voweled"": ""نَتَائِج""}}, {""word"": ""إنتاج"", ""voweled"": ""إِنْتَاج"", ""en"": ""production""}, {""word"": ""منتج"", ""voweled"": ""مُنْتَج"", ""en"": ""product"", ""plural"": {""word"": ""منتجات"", ""voweled"": ""مُنْتَجَات""}, ""accept"": [""مُنْتَج"", ""مُنْتِج""]}, {""word"": ""منتج"", ""voweled"": ""مُنْتِج"", ""en"": ""producer"", ""plural"": {""word"": ""منتجون"", ""voweled"": ""مُنْتِجُون""}, ""accept"": [""مُنْتَج"", ""مُنْتِج""]}, {""word"": ""استنتاج"", ""voweled"": ""اِسْتِنْتَاج"", ""en"": ""conclusion; inference""}]","[{""word"": ""ناتج"", ""voweled"": ""نَاتِج"", ""en"": ""output; result (math)"", ""plural"": {""word"": ""نواتج"", ""voweled"": ""نَوَاتِج""}}, {""word"": ""إنتاجية"", ""voweled"": ""إِنْتَاجِيَّة"", ""en"": ""productivity""}]",[]
95,س و ق,s-w-q,"driving, market","[{""word"": ""سوق"", ""voweled"": ""سُوق"", ""en"": ""market"", ""plural"": {""word"": ""أسواق"", ""voweled"": ""أَسْوَاق""}}, {""word"": ""سائق"", ""voweled"": ""سَائِق"", ""en"": ""driver"", ""plural"": {""word"": ""سائقون"", ""voweled"": ""سَائِقُون""}}, {""word"": ""تسويق"", ""voweled"": ""تَسْوِيق"", ""en"": ""marketing""}, {""word"": ""سياقة"", ""voweled"": ""سِيَاقَة"", ""en"": ""driving""}, {""word"": ""سياق"", ""voweled"": ""سِيَاق"", ""en"": ""context""}]","[{""word"": ""تسوق"", ""voweled"": ""تَسَوُّق"", ""en"": ""shopping""}]",[]
96,ب ي ع,b-y-ʿ,selling,"[{""word"": ""باع"", ""voweled"": ""بَاعَ"", ""en"": ""to sell""}, {""word"": ""بيع"", ""voweled"": ""بَيْع"", ""en"": ""sale""}, {""word"": ""بائع"", ""voweled"": ""بَائِع"", ""en"": ""seller"", ""plural"": {""word"": ""بائعون"", ""voweled"": ""بَائِعُون""}}, {""word"": ""مبيعات"", ""voweled"": ""مَبِيعَات"", ""en"": ""sales""}, {""word"": ""مبيع"", ""voweled"": ""مَبِيع"", ""en"": ""sold item""}]",[],[]
97,ش ر ي,sh-r-y,buying,"[{""word"": ""اشترى"", ""voweled"": ""اِشْتَرَى"", ""en"": ""to buy""}, {""word"": ""شراء"", ""voweled"": ""شِرَاء"", ""en"": ""purchase""}, {""word"": ""مشتري"", ""voweled"": ""مُشْتَرِي"", ""en"": ""buyer""}, {""word"": ""مشتريات"", ""voweled"": ""مُشْتَرَيَات"", ""en"": ""purchases""}]",[],[]
98,د ف ع,d-f-ʿ,"paying, pushing","[{""word"": ""دفع"", ""voweled"": ""دَفَعَ"", ""en"": ""to pay; to push"", ""accept"": [""دَفَعَ"", ""دَفْع""]}, {""word"": ""دفع"", ""voweled"": ""دَفْع"", ""en"": ""payment; pushing"", ""accept"": [""دَفَعَ"", ""دَفْع""]}, {""word"": ""دفعة"", ""voweled"": ""دُفْعَة"", ""en"": ""installment; batch"", ""plural"": {""word"": ""دفعات"", ""voweled"": ""دُفْعَات""}}, {""word"": ""مدفوعات"", ""voweled"": ""مَدْفُوعَات"", ""en"": ""payments""}, {""word"": ""اندفاع"", ""voweled"": ""اِنْدِفَاع"", ""en"": ""rush; impulse""}]","[{""word"": ""دافع"", ""voweled"": ""دَافِع"", ""en"": ""motive"", ""plural"": {""word"": ""دوافع"", ""voweled"": ""دَوَافِع""}}, {""word"": ""دفاع"", ""voweled"": ""دِفَاع"", ""en"": ""defense""}, {""word"": ""مدافع"", ""voweled"": ""مُدَافِع"", ""en"": ""defender"", ""plural"": {""word"": ""مدافعون"", ""voweled"": ""مُدَافِعُون""}, ""accept"": [""مَدَافِع"", ""مُدَافِع""]}, {""word"": ""مدفع"", ""voweled"": ""مِدْفَع"", ""en"": ""cannon"", ""plural"": {""word"": ""مدافع"", ""voweled"": ""مَدَافِع""}}]",[]
99,ح ض ر,ḥ-ḍ-r,"being present, city","[{""word"": ""حضر"", ""voweled"": ""حَضَرَ"", ""en"": ""to attend""}, {""word"": ""حضور"", ""voweled"": ""حُضُور"", ""en"": ""attendance; presence""}, {""word"": ""حاضر"", ""voweled"": ""حَاضِر"", ""en"": ""present""}, {""word"": ""محاضرة"", ""voweled"": ""مُحَاضَرَة"", ""en"": ""lecture"", ""plural"": {""word"": ""محاضرات"", ""voweled"": ""مُحَاضَرَات""}}, {""word"": ""حضارة"", ""voweled"": ""حَضَارَة"", ""en"": ""civilization"", ""plural"": {""word"": ""حضارات"", ""voweled"": ""حَضَارَات""}}]","[{""word"": ""تحضير"", ""voweled"": ""تَحْضِير"", ""en"": ""preparation""}, {""word"": ""محضر"", ""voweled"": ""مَحْضَر"", ""en"": ""minutes; official report"", ""plural"": {""word"": ""محاضر"", ""voweled"": ""مَحَاضِر""}}, {""word"": ""متحضر"", ""voweled"": ""مُتَحَضِّر"", ""en"": ""civilized""}]",[]
100,ق ب ل,q-b-l,"accepting, before, facing","[{""word"": ""قبل"", ""voweled"": ""قَبْل"", ""en"": ""before"", ""accept"": [""قَبِلَ"", ""قَبْل""]}, {""word"": ""قبل"", ""voweled"": ""قَبِلَ"", ""en"": ""to accept"", ""accept"": [""قَبِلَ"", ""قَبْل""]}, {""word"": ""قبول"", ""voweled"": ""قَبُول"", ""en"": ""acceptance""}, {""word"": ""مقبول"", ""voweled"": ""مَقْبُول"", ""en"": ""acceptable""}, {""word"": ""مستقبل"", ""voweled"": ""مُسْتَقْبَل"", ""en"": ""future""}]","[{""word"": ""مقابلة"", ""voweled"": ""مُقَابَلَة"", ""en"": ""interview; encounter"", ""plural"": {""word"": ""مقابلات"", ""voweled"": ""مُقَابَلَات""}}, {""word"": ""استقبال"", ""voweled"": ""اِسْتِقْبَال"", ""en"": ""reception""}, {""word"": ""قبلة"", ""voweled"": ""قِبْلَة"", ""en"": ""qibla; focal point""}, {""word"": ""إقبال"", ""voweled"": ""إِقْبَال"", ""en"": ""turnout; demand""}, {""word"": ""قابلية"", ""voweled"": ""قَابِلِيَّة"", ""en"": ""aptitude; susceptibility""}]","[{""word"": ""مقبل"", ""voweled"": ""مُقْبِل"", ""en"": ""upcoming""}]"
